instance_id,claim_id,source_or_node_id,url_or_path,exact_or_observed_wording,number_used,qualifier,category,geography,time_window,hardens_un_claim,collapses_category,confidence,public_use_status,notes
RCI-001,MUL-C001,MUL-S001,https://www.law.umich.edu/facultyhome/drwcasebook/Documents/Documents/Report%20of%20the%20Panel%20of%20Experts%20on%20Accountability%20in%20Sri%20Lanka.pdf,up to 40000 civilian deaths could not be ruled out,40000,up to / could not be ruled out,upper_estimate,Vanni/final phase,final phase 2009,NO,NO,HIGH,USABLE_WITH_CAVEAT,Origin route; cite original report where possible.
RCI-002,MUL-C003,SEO-N005,https://en.wikipedia.org/wiki/Mullivaikkal_massacre,40000-70000 fatalities / according to UN,40000-70000,according to UN,fatalities,Mullivaikkal,May 2009,YES,YES,HIGH,PROPAGATION_EXAMPLE,High-risk Wikipedia hub; use as hardening evidence not as independent proof.
RCI-003,MUL-C017,SEO-N006,https://en.wikipedia.org/wiki/Tamil_genocide,169796 killed; 40000-70000 killed and unaccounted,169796,killed / killed and unaccounted,modelled_or_unaccounted,Mullaitivu and Kilinochchi / final phase,2009-01 to 2009-05,YES,YES,HIGH,PROPAGATION_EXAMPLE,Category-collapse risk; verify live wording before publication.
RCI-004,SEO-C001,SEO-N010,https://dbpedia.org/resource/Mullivaikkal_massacre,semantic mirror of Wikipedia event node,40000-70000,mirror,mirror_amplification,Mullivaikkal,post-2011,YES,YES,MEDIUM,PROPAGATION_EXAMPLE,Mirror can create false source plurality.
RCI-005,MUL-C018,MUL-S006,https://www.amnesty.org/en/latest/news/2024/05/sri-lanka-fifteen-years-after-the-end-of-war-victims-still-await-justice-at-mullivaikkal/,at least 40000 according to UN estimates,40000,at least / according to UN estimates,ngo_remembrance_compression,Mullivaikkal,last days of war / May 2009,YES,YES,MEDIUM_HIGH,USABLE_AS_COMPRESSION_EXAMPLE,High-authority NGO route; not proof of Mullivaikkal-only count.
RCI-006,MUL-C022,MUL-S009,https://www.hrw.org/news/2024/05/14/15-years-sri-lankas-conflict-ended-no-justice-war-crimes,up to 40000 civilians were killed in the final months,40000,up to,secondary_un_restatement,Vanni/final months,final months 2009,MILD,NO,MEDIUM_HIGH,USABLE_WITH_CAVEAT,Derivative NGO restatement.
RCI-007,MUL-C011,MUL-S007,https://www.statistics.gov.lk/Resource/en/Population/Vital_Statistics/EVE2011_FinalReport.pdf,8998 total deaths / 6858 other deaths / 2635 untraceable,8998 / 6858 / 2635,official enumeration,official_enumeration,Northern Province,2009-01 to 2009-05,NO,MIXED,MEDIUM_HIGH,USABLE_WITH_CAVEAT,Lower official route; not battlefield casualty ceiling.
RCI-008,MUL-C020,MUL-S013,https://www.parliament.lk/uploads/documents/paperspresented/report-of-paranagama.pdf,6710 deaths,6710,quoted external report,lower_contested_route,NFZ/final phase,2009-01-20 to 2009-04-20,NO,MIXED,MEDIUM,USABLE_WITH_CAVEAT,Quoted route with civilian/combatant ambiguity.
RCI-009,VP-002,MUL-S015,local:screenshot,40000 in Mullivaikkal alone,40000,viral shorthand,viral_claim,Mullivaikkal,May 2009,YES,YES,HIGH,INTERNAL_OR_AUDIT_ONLY,"Use to audit the viral post, not to validate the claim."
RCI-010,FUND-C001,FUND-N001,https://projects.propublica.org/nonprofits/organizations/263697312,financial capacity exists; no paid-message evidence captured,n/a,no spend evidence,incentive_boundary,stakeholder ecosystem,current,NO,NO,HIGH,USABLE_AS_BOUNDARY,Capacity is not causation.
RCI-011,MUL-C001,SEO-N001,https://www.law.umich.edu/facultyhome/drwcasebook/Documents/Documents/Report%20of%20the%20Panel%20of%20Experts%20on%20Accountability%20in%20Sri%20Lanka.pdf,up to 40000 civilian deaths could not be ruled out,,self,killed_or_fatalities_claim,needs_instance_review,needs_instance_review,NO,NO,MEDIUM,INTERNAL_TOP100_CAPTURE_REVIEW,Origin source; cautious final-phase/Vanni wording.
RCI-012,MUL-C016,SEO-N002,https://digitallibrary.un.org/record/737299/files/The_Internal_Review_Panel_report_on_Sri_Lanka.pdf,UN failure / under-reporting / later 70000 unaccounted route,,self,unaccounted_or_category_mixed,needs_instance_review,needs_instance_review,MIXED,MIXED,MEDIUM,INTERNAL_TOP100_CAPTURE_REVIEW,Important for missing/unaccounted route and accountability context.
RCI-013,SEO-C001,SEO-N003,https://www.ohchr.org/sites/default/files/documents/hrbodies/hrcouncil/sessions-regular/session30/documents/a-hrc-30-crp-2.pdf,serious allegations and incident patterns in the final phase,,self,propagation_or_context,needs_instance_review,needs_instance_review,NO,NO,MEDIUM,INTERNAL_TOP100_CAPTURE_REVIEW,"Strong for shelling, hospitals, deprivation, and accountability; not a total casualty count."
RCI-014,MUL-C001,SEO-N004,https://en.wikipedia.org/wiki/Report_of_the_Secretary-General%27s_Panel_of_Experts_on_Accountability_in_Sri_Lanka,as many as 40000 may have been killed,,UN Panel,killed_or_fatalities_claim,needs_instance_review,needs_instance_review,MILD,NO,MEDIUM,INTERNAL_TOP100_CAPTURE_REVIEW,Root interpreter page for non-specialists.
RCI-015,MUL-C003,SEO-N007,https://en.wikipedia.org/wiki/Mullivaikkal_Remembrance_Day,as many as 40000 may have been killed,,Reuters/Washington Post/Al Jazeera around UN route,killed_or_fatalities_claim,needs_instance_review,needs_instance_review,MILD,NO,MEDIUM,INTERNAL_TOP100_CAPTURE_REVIEW,Annual remembrance recirculation node.
RCI-016,MUL-C017,SEO-N008,https://en.wikipedia.org/wiki/Casualties_of_the_Sri_Lankan_civil_war,multiple casualty ranges including 40000 70000 and 169796,,UN Panel plus ITJP plus media,propagation_or_context,needs_instance_review,needs_instance_review,NO,YES,MEDIUM,INTERNAL_TOP100_CAPTURE_REVIEW,Numeric aggregator with category-mixing risk.
RCI-017,SEO-C001,SEO-N009,https://en.wikipedia.org/wiki/War_crimes_during_the_final_stages_of_the_Sri_Lankan_civil_war,war-crimes pattern page with many accountability sources,,ICG plus UN plus State Department,propagation_or_context,needs_instance_review,needs_instance_review,NO,NO,MEDIUM,INTERNAL_TOP100_CAPTURE_REVIEW,Important hub even when not the main casualty page.
RCI-018,MUL-C016,SEO-N011,https://everything.explained.today/Mullivaikkal_massacre/,duplicates 40000-70000 fatalities framing,,Wikipedia mirror,killed_or_fatalities_claim,needs_instance_review,needs_instance_review,YES,YES,MEDIUM,INTERNAL_TOP100_CAPTURE_REVIEW,Copy-mirror that inflates apparent source plurality.
RCI-019,MUL-C003,SEO-N012,https://www.amnesty.org/en/latest/news/2024/05/sri-lanka-fifteen-years-after-the-end-of-war-victims-still-await-justice-at-mullivaikkal/,at Mullivaikkal killing at least 40000 civilians according to UN estimates,,UN estimates,propagation_or_context,needs_instance_review,needs_instance_review,YES,NO,MEDIUM,INTERNAL_TOP100_CAPTURE_REVIEW,Reputable NGO with location compression risk.
RCI-020,MUL-C001,SEO-N013,https://www.hrw.org/news/2024/05/14/15-years-sri-lankas-conflict-ended-no-justice-war-crimes,up to 40000 civilians were killed in the final months,,UN panel of experts,killed_or_fatalities_claim,needs_instance_review,needs_instance_review,MILD,NO,MEDIUM,INTERNAL_TOP100_CAPTURE_REVIEW,Cleaner than Mullivaikkal-only wording; still derivative.
RCI-021,SEO-C001,SEO-N014,https://www.crisisgroup.org/sites/default/files/191-war-crimes-in-sri-lanka.pdf,tens of thousands killed and war-crimes inquiry needed,,self,killed_or_fatalities_claim,needs_instance_review,needs_instance_review,NO,NO,MEDIUM,INTERNAL_TOP100_CAPTURE_REVIEW,Pattern authority more than numeric precision.
RCI-022,SEO-C001,SEO-N015,https://www.peace-srilanka.org/images/publications/LLRC-Report-in-Sri-lanka.pdf,records disputed figures and says totals were not verified,,self,propagation_or_context,needs_instance_review,needs_instance_review,NO,NO,MEDIUM,INTERNAL_TOP100_CAPTURE_REVIEW,Counter-route of caution and domestic review.
RCI-023,SEO-C001,SEO-N016,https://www.parliament.lk/uploads/documents/paperspresented/report-of-paranagama.pdf,rejects higher estimates and cites lower external routes,,self,propagation_or_context,needs_instance_review,needs_instance_review,NO,NO,MEDIUM,INTERNAL_TOP100_CAPTURE_REVIEW,Adversarial lower-count lane.
RCI-024,SEO-C001,SEO-N017,https://hansard.parliament.uk/Lords/2017-10-12/debates/14CAA83D-8895-4182-8C4F-D964E0A5B399/SriLanka,lower-count public argument using leaked dispatch framing,,Paranagama and dispatch route,propagation_or_context,needs_instance_review,needs_instance_review,NO,MIXED,MEDIUM,INTERNAL_TOP100_CAPTURE_REVIEW,Political echo of lower-count critique.
RCI-025,SEO-C001,SEO-N018,https://www.statistics.gov.lk/Resource/en/Population/Vital_Statistics/EVE2011_FinalReport.pdf,8998 deaths / 2635 untraceable in Jan-May 2009 tables,,self,killed_or_fatalities_claim,needs_instance_review,needs_instance_review,NO,NO,MEDIUM,INTERNAL_TOP100_CAPTURE_REVIEW,Official lower enumeration route.
RCI-026,SEO-C001,SEO-N019,https://casebook.icrc.org/case-study/sri-lanka-conflict-vanni,250000 civilians trapped / evacuations and relief obstruction,,self,propagation_or_context,needs_instance_review,needs_instance_review,NO,NO,MEDIUM,INTERNAL_TOP100_CAPTURE_REVIEW,"Context authority, not a casualty total."
RCI-027,SEO-C001,SEO-N020,https://pearlaction.org/genocide-legal-briefing/,reasonable grounds to believe genocide,,PEARL legal analysis plus UN/OISL/ITJP,genocide_language,needs_instance_review,needs_instance_review,MIXED,MIXED,MEDIUM,INTERNAL_TOP100_CAPTURE_REVIEW,Legal advocacy argument; not a tribunal finding.
RCI-028,MUL-C017,SEO-N021,https://itjpsl.com/assets/ITJP_death_toll_A4_v6.pdf,169796 killed or unaccounted route,,ITJP model,unaccounted_or_category_mixed,needs_instance_review,needs_instance_review,YES,YES,MEDIUM,INTERNAL_TOP100_CAPTURE_REVIEW,High-number model route with strong propagation potential.
RCI-029,MUL-C016,SEO-N022,https://genocideagainsttamils.com/massacres/mullivaikkal-2009/,UN Panel up to 40000 alongside 70000 style framing,,source lists and advocacy stack,genocide_language,needs_instance_review,needs_instance_review,YES,YES,MEDIUM,INTERNAL_TOP100_CAPTURE_REVIEW,Memorial SEO taxonomy node.
RCI-030,MUL-C016,SEO-N023,https://tamilconferences.org/consensus/declaration-of-common-principles-of-tamils/,UN 40000 plus 70000 and 146679,,UN Panel plus Petrie plus Bishop of Mannar,propagation_or_context,needs_instance_review,needs_instance_review,YES,YES,MEDIUM,INTERNAL_TOP100_CAPTURE_REVIEW,"Political consensus document, not neutral audit."
RCI-031,MUL-C017,SEO-N024,https://www.tamilguardian.com/content/pictures-tamil-genocide-remembrance-day-commemorated-mullivaikkal-0,169796 unaccounted and presumed dead,,ITJP-style route,unaccounted_or_category_mixed,needs_instance_review,needs_instance_review,YES,YES,MEDIUM,INTERNAL_TOP100_CAPTURE_REVIEW,Community-media amplification of higher number.
RCI-032,SEO-C001,SEO-N025,https://groundviews.org/2014/04/10/generating-calamity-2008-2014-an-overview-of-tamil-nationalist-operations-and-their-marvels/,40k turned into definitive figure,,UN Panel critique,propagation_or_context,needs_instance_review,needs_instance_review,NO,NO,MEDIUM,INTERNAL_TOP100_CAPTURE_REVIEW,Useful but polemical adversarial node.
RCI-033,SEO-C001,SEO-N026,https://groundviews.org/2026/05/18/seventeen-years-after-mullivaikkal-reconsidering-justice-and-political-strategy/,remembrance remains necessary but diaspora guarantees and externalism are criticized,,mixed sources,propagation_or_context,needs_instance_review,needs_instance_review,NO,NO,MEDIUM,INTERNAL_TOP100_CAPTURE_REVIEW,Useful for current debate framing and caution against overreliance on outside narratives.
RCI-034,MUL-C001,SEO-N027,https://www.ola.org/en/legislative-business/bills/parliament-42/session-1/bill-104,UN estimates 40000-75000 in May 2009 and other estimates 146679,,legislative preamble,propagation_or_context,needs_instance_review,needs_instance_review,YES,YES,MEDIUM,INTERNAL_TOP100_CAPTURE_REVIEW,Legislative hardening route with public-education reach.
RCI-035,SEO-C001,SEO-N028,https://www.pm.gc.ca/en/news/statements/2026/05/18/statement-prime-minister-carney-tamil-genocide-remembrance-day,atrocities against Tamils recognized as genocide by Parliament in 2022,,Canadian Parliament route,genocide_language,needs_instance_review,needs_instance_review,MIXED,NO,MEDIUM,INTERNAL_TOP100_CAPTURE_REVIEW,Political recognition node; not a legal tribunal.
RCI-036,MUL-C003,SEO-N029,local:screenshot,UN Gaza accepted but 40000 Mullivaikkal rejected,,UN shorthand and moral analogy,propagation_or_context,needs_instance_review,needs_instance_review,YES,NO,MEDIUM,INTERNAL_TOP100_CAPTURE_REVIEW,Live object of inquiry; source trail still unproven.
RCI-037,SEO-C001,SEO-N030,https://projects.propublica.org/nonprofits/organizations/263697312,2023 revenue 107122 expenses 179739,,tax filing,propagation_or_context,needs_instance_review,needs_instance_review,NO,NO,MEDIUM,INTERNAL_TOP100_CAPTURE_REVIEW,Funding visibility only.
RCI-038,SEO-C001,SEO-N031,https://www.globaltamilforum.org/about-us.aspx,non-violent international advocacy organization,,self,propagation_or_context,needs_instance_review,needs_instance_review,NO,NO,MEDIUM,INTERNAL_TOP100_CAPTURE_REVIEW,Organizational presence in the advocacy ecosystem.
RCI-039,SEO-C001,SEO-N032,https://find-and-update.company-information.service.gov.uk/company/11829919,active UK membership organisation route,,self,propagation_or_context,needs_instance_review,needs_instance_review,NO,NO,MEDIUM,INTERNAL_TOP100_CAPTURE_REVIEW,"Corporate existence, not causal proof."
RCI-040,SEO-C001,SEO-N033,https://www.canadacompanyregistry.com/companies/transnational-government-of-tamil-eelam-inc/,active non-soliciting Canada corporation,,self,propagation_or_context,needs_instance_review,needs_instance_review,NO,NO,MEDIUM,INTERNAL_TOP100_CAPTURE_REVIEW,Political diaspora organization route.
RCI-041,SEO-C001,SEO-N034,https://www.facebook.com/ads/library,search route for issue and political ads,,self,propagation_or_context,needs_instance_review,needs_instance_review,NO,NO,MEDIUM,INTERNAL_TOP100_CAPTURE_REVIEW,Correct route to test paid amplification; no result capture yet.
RCI-042,SEO-C001,SEO-N035,https://adstransparency.google.com/,search route for search and video ads,,self,propagation_or_context,needs_instance_review,needs_instance_review,NO,NO,MEDIUM,INTERNAL_TOP100_CAPTURE_REVIEW,Correct route to test paid search/video amplification; no result capture yet.
RCI-043,MUL-C016,SEO-N036,https://wiki2.org/en/Mullivaikkal_massacre,between 40000 and 70000 entrapped Tamil civilians were killed,,Wikipedia mirror,killed_or_fatalities_claim,needs_instance_review,needs_instance_review,YES,YES,MEDIUM,INTERNAL_TOP100_CAPTURE_REVIEW,High-visibility mirror that repackages Wikipedia prose.
RCI-044,MUL-C016,SEO-N037,https://srilankabrief.org/sri-lankas-dead-and-missing-the-need-for-an-accounting/,70000 people unaccounted for,,ICG and dead-and-missing accounting lane,unaccounted_or_category_mixed,needs_instance_review,needs_instance_review,MIXED,YES,MEDIUM,INTERNAL_TOP100_CAPTURE_REVIEW,Accounting-oriented but often read as a death-count lane.
RCI-045,MUL-C001,SEO-N038,https://thediplomat.com/2020/05/sri-lankas-war-victims-still-await-justice/,up to 40000 civilians may have been killed in the last stages of the war,,UN panel,killed_or_fatalities_claim,needs_instance_review,needs_instance_review,NO,NO,MEDIUM,INTERNAL_TOP100_CAPTURE_REVIEW,High-authority international commentary surface.
RCI-046,MUL-C003,SEO-N039,https://www.cipdh.gob.ar/memorias-situadas/en/lugar-de-memoria/mullivaikkal-remembrance-day/,an estimated 40000 Tamil civilians were massacred in the final stages of the war,,commemorative institutional framing,propagation_or_context,needs_instance_review,needs_instance_review,YES,NO,MEDIUM,INTERNAL_TOP100_CAPTURE_REVIEW,Institutional memorial authority turns estimate into declarative prose.
RCI-047,MUL-C001,SEO-N040,https://pearlaction.org/tamil-genocide-remembrance-day-2021/,UN estimated 40000 civilians killed and others estimate 146679 unaccounted for,,UN panel plus higher missing route,unaccounted_or_category_mixed,needs_instance_review,needs_instance_review,YES,YES,MEDIUM,INTERNAL_TOP100_CAPTURE_REVIEW,Combines authoritative upper estimate with higher unaccounted route.
RCI-048,MUL-C017,SEO-N041,https://pearlaction.org/wp-content/uploads/2024/09/Justice-for-Genocide-Sri-Lankas-Responsibility-for-Genocide-Against-the-Tamil-People-in-2009.pdf,as many as 40000 Tamils killed and up to 169796 unaccounted for,,UN/OISL/ITJP legal-advocacy stack,unaccounted_or_category_mixed,needs_instance_review,needs_instance_review,YES,YES,MEDIUM,INTERNAL_TOP100_CAPTURE_REVIEW,Major legal-advocacy synthesis node.
RCI-049,MUL-C001,SEO-N042,https://www.ola.org/en/legislative-business/house-documents/parliament-42/session-2/2021-05-06/hansard,40000 to 146679 Tamils perished in the genocide,,bill debate and member speeches,genocide_language,needs_instance_review,needs_instance_review,YES,YES,MEDIUM,INTERNAL_TOP100_CAPTURE_REVIEW,Legislative debate hardens disputed numeric cluster.
RCI-050,MUL-C001,SEO-N043,https://www.ola.org/en/legislative-business/house-documents/parliament-42/session-1/2019-05-16/hansard,40000 to 146679 civilians killed during the genocide,,member memorial speeches,killed_or_fatalities_claim,needs_instance_review,needs_instance_review,YES,YES,MEDIUM,INTERNAL_TOP100_CAPTURE_REVIEW,Earlier recognition-era number hardening lane.
RCI-051,MUL-C016,SEO-N044,https://www.reddit.com/r/srilanka/comments/1tgd35u/lets_get_this_straight_if_youre_here_to_troll_or/,UN estimates 40000-70000 Tamil civilians were killed,,social-post shorthand,killed_or_fatalities_claim,needs_instance_review,needs_instance_review,YES,YES,MEDIUM,INTERNAL_TOP100_CAPTURE_REVIEW,"Comments partly correct the number, but OP carries compressed range."
RCI-052,MUL-C016,SEO-N045,https://www.reddit.com/r/srilanka/comments/1j8wsym/what_is_mullivaikal_massacre/,UN reports civilian deaths at 40000; groups say 70000-100000,,social explainer and comments,killed_or_fatalities_claim,needs_instance_review,needs_instance_review,YES,YES,MEDIUM,INTERNAL_TOP100_CAPTURE_REVIEW,Forum explainer turns layered estimates into simple ladder.
RCI-053,MUL-C016,SEO-N046,https://groups.google.com/g/thiru-thoazhamai/c/UbDzzloaOV0,UN estimate more than 40000; Petrie more than 70000,,TamilNet and video-linked forum mirror,mirror_amplification,needs_instance_review,needs_instance_review,YES,YES,MEDIUM,INTERNAL_TOP100_CAPTURE_REVIEW,Bundles multiple routes into one archive thread.
RCI-054,MUL-C001,SEO-N047,https://www.basementfilms.co.uk/work/sri-lankas-killing-fields,allegations that up to 40000 civilians died in the final weeks,,Channel 4 documentary framing,propagation_or_context,needs_instance_review,needs_instance_review,NO,NO,MEDIUM,INTERNAL_TOP100_CAPTURE_REVIEW,Documentary authority node that later feeds compression.
RCI-055,MUL-C001,SEO-N048,https://sangam.org/amnesty-fifteen-years-after-the-end-of-war-victims-still-await-justice-at-mullivaikkal/,killing at least 40000 civilians according to UN estimates,,Amnesty repost,propagation_or_context,needs_instance_review,needs_instance_review,YES,NO,MEDIUM,INTERNAL_TOP100_CAPTURE_REVIEW,Repost/archival amplification of Amnesty wording.
RCI-056,MUL-C001,SEO-N049,https://maktoobmedia.com/public/post?id=102537&slug=why-may-18-is-marked-as-tamil-genocide-remembrance-day,40000 civilians may have died,,HRW and remembrance routes,propagation_or_context,needs_instance_review,needs_instance_review,MILD,NO,MEDIUM,INTERNAL_TOP100_CAPTURE_REVIEW,Bridge node into X/share surfaces.
RCI-057,MUL-C017,SEO-N050,https://en.wikipedia.org/wiki/Sri_Lankan_civil_war,"infobox and body stack 40000 killed, 70000 unaccounted, 146000 unaccounted, and 169796 killed",,UN Panel plus ITJP plus broader war summaries,unaccounted_or_category_mixed,needs_instance_review,needs_instance_review,YES,YES,MEDIUM,INTERNAL_TOP100_CAPTURE_REVIEW,Broad-war hub with severe denominator and category risk.
RCI-058,MUL-C016,SEO-N051,https://en.wikipedia.org/wiki/Secretary-General%27s_Internal_Review_Panel_on_United_Nations_Action_in_Sri_Lanka,could have been as many as 40000 civilian deaths; other sources say over 70000 unaccounted,,UN Panel plus lower government sources,unaccounted_or_category_mixed,needs_instance_review,needs_instance_review,MILD,YES,MEDIUM,INTERNAL_TOP100_CAPTURE_REVIEW,Important because a report-summary page itself bundles multiple numeric lanes.
RCI-059,MUL-C016,SEO-N052,https://en.wikipedia.org/wiki/List_of_massacres_in_Sri_Lanka,Mulivaikal massacre 40000-70000,,Wikipedia event-page derivative,propagation_or_context,needs_instance_review,needs_instance_review,YES,YES,MEDIUM,INTERNAL_TOP100_CAPTURE_REVIEW,Taxonomy/list page that hardens event framing.
RCI-060,MUL-C001,SEO-N053,https://en.wikipedia.org/wiki/Sri_Lanka%27s_Killing_Fields,Lankan Army killed 40000 Tamils / tens of thousands died,,Channel 4 and media framing,killed_or_fatalities_claim,needs_instance_review,needs_instance_review,YES,MIXED,MEDIUM,INTERNAL_TOP100_CAPTURE_REVIEW,Media-summary page that pushes the number into documentary memory.
RCI-061,MUL-C001,SEO-N054,https://en.wikipedia.org/wiki/The_Cage_%28Weiss_book%29,up to 40000 civilians may have been killed in the final stages,,Gordon Weiss route,killed_or_fatalities_claim,needs_instance_review,needs_instance_review,MILD,NO,MEDIUM,INTERNAL_TOP100_CAPTURE_REVIEW,Bridge into the Gordon Weiss popularization lane.
RCI-062,MUL-C001,SEO-N055,https://en.wikipedia.org/wiki/Lies_Agreed_Upon,counter-claims cite about 7000 casualties and challenge 40000,,state counter-documentary route,propagation_or_context,needs_instance_review,needs_instance_review,NO,MIXED,MEDIUM,INTERNAL_TOP100_CAPTURE_REVIEW,Useful to map how counter-propagation works.
RCI-063,SEO-C001,SEO-N056,https://www.wikidata.org/wiki/Q213394,structured broad-war death property without careful final-phase category labels,,Wikidata community data,killed_or_fatalities_claim,needs_instance_review,needs_instance_review,NO,MIXED,MEDIUM,INTERNAL_TOP100_CAPTURE_REVIEW,Knowledge-graph denominator expansion route.
RCI-064,MUL-C017,SEO-N057,https://military-history.fandom.com/wiki/War_crimes_during_the_final_stages_of_the_Sri_Lankan_Civil_War,40000 civilians killed / 146000 unaccounted / 169796 killed,,Wikipedia-style stacked claims,unaccounted_or_category_mixed,needs_instance_review,needs_instance_review,YES,YES,MEDIUM,INTERNAL_TOP100_CAPTURE_REVIEW,Mirror/fandom route with category collapse.
RCI-065,MUL-C001,SEO-N058,https://mfa.gov.lk/en/tamil-genocide-sl/,hypothetical figure of 40000 civilian deaths,,state rebuttal,killed_or_fatalities_claim,needs_instance_review,needs_instance_review,NO,YES,MEDIUM,INTERNAL_TOP100_CAPTURE_REVIEW,High-value official counter-route.
RCI-066,MUL-C001,SEO-N059,https://mfa.gov.lk/sin/un-sidesteps-query-on-721-deaths/,7721 deaths including LTTE combatants,,state-hosted pro-state media,killed_or_fatalities_claim,needs_instance_review,needs_instance_review,NO,YES,MEDIUM,INTERNAL_TOP100_CAPTURE_REVIEW,Category-discipline route used rhetorically as counter to high estimates.
RCI-067,SEO-C001,SEO-N060,https://www.defence.lk/Article/view_article/845,less than 8000 deaths which includes LTTE dead,,state-hosted counter argument,killed_or_fatalities_claim,needs_instance_review,needs_instance_review,NO,YES,MEDIUM,INTERNAL_TOP100_CAPTURE_REVIEW,"Blends skeletal-remains rhetoric, missing-persons critique, and lower counts."
RCI-068,MUL-C001,SEO-N061,https://www.defence.lk/Article/view_article/840,40000 deaths did not take place,,Naseby and dispatch route,killed_or_fatalities_claim,needs_instance_review,needs_instance_review,NO,YES,MEDIUM,INTERNAL_TOP100_CAPTURE_REVIEW,Official repackaging of the UK parliamentary lower-count lane.
RCI-069,SEO-C001,SEO-N062,https://mfa.gov.lk/sin/lord-naseby-sl-genocide/,maximum of 6000 to 7000 deaths,,Naseby and Gash dispatch route,killed_or_fatalities_claim,needs_instance_review,needs_instance_review,NO,YES,MEDIUM,INTERNAL_TOP100_CAPTURE_REVIEW,Core lower-count official counter node.
RCI-070,SEO-C001,SEO-N063,https://mfa.gov.lk/sin/the-last-stages-of-the-war-in-sri-lanka-narrative-iii/,to question the methodology,,state-hosted methodological critique,propagation_or_context,needs_instance_review,needs_instance_review,NO,NO,MEDIUM,INTERNAL_TOP100_CAPTURE_REVIEW,Intellectual counter-route distinct from direct denial.
RCI-071,MUL-C001,SEO-N064,https://www1.brampton.ca/EN/City-Hall/Protocol-Office/2024%20Proclamations/Tamil%20Genocide%20Day-05.18.2024.pdf,over 40000 Tamil civilians lost their lives during the last stages,,municipal proclamation,propagation_or_context,needs_instance_review,needs_instance_review,YES,NO,MEDIUM,INTERNAL_TOP100_CAPTURE_REVIEW,Municipal-recognition node with strong civic legitimacy effect.
RCI-072,SEO-C001,SEO-N065,https://www.congress.gov/bill/118th-congress/house-resolution/1230/text,hundreds of thousands of lives lost including the Tamil Genocide,,Congress resolution text,genocide_language,needs_instance_review,needs_instance_review,MIXED,YES,MEDIUM,INTERNAL_TOP100_CAPTURE_REVIEW,Broad-war/genocide label expansion in U.S. political space.
RCI-073,MUL-C016,SEO-N066,https://www.parliament.scot/chamber-and-committees/votes-and-motions/S6M-19300,"estimated 70000 to 146000 Tamil civilians, as documented by the UN and international human rights organisations",,motion text,propagation_or_context,needs_instance_review,needs_instance_review,YES,YES,MEDIUM,INTERNAL_TOP100_CAPTURE_REVIEW,Very strong political hardening and authority inflation node.
RCI-074,MUL-C001,SEO-N067,https://documents.un.org/api/symbol/access?l=en&s=A%2FHRC%2F60%2FNGO%2F309&t=pdf,up to 40000 civilians may have been killed and up to 175000 were killed,,NGO submission hosted on UN documents,killed_or_fatalities_claim,needs_instance_review,needs_instance_review,YES,YES,MEDIUM,INTERNAL_TOP100_CAPTURE_REVIEW,High-risk authority laundering route.
RCI-075,SEO-C002,SEO-N068,https://documents.un.org/doc/undoc/gen/g23/265/90/pdf/g2326590.pdf,more than 169000 innocent Tamil people,,NGO submission hosted on UN documents,propagation_or_context,needs_instance_review,needs_instance_review,YES,YES,MEDIUM,INTERNAL_TOP100_CAPTURE_REVIEW,UN domain gives heavy authority to advocacy language.
RCI-076,MUL-C016,MM-001,https://en.wikipedia.org/wiki/Mullivaikkal_massacre,40000-70000 fatalities,,Al Jazeera opinion plus broader article stack,killed_or_fatalities_claim,needs_instance_review,needs_instance_review,YES,YES,MEDIUM,INTERNAL_TOP100_CAPTURE_REVIEW,Most aggressive high-authority compression lane in the current Wikipedia set.
RCI-077,MUL-C016,MM-002,https://en.wikipedia.org/wiki/Mullivaikkal_massacre,according to the UN between 40000 and 70000 entrapped Tamil civilians were killed,,Channel 4 BBC Guardian WSJ AP Independent Pulitzer UN Panel Petrie,killed_or_fatalities_claim,needs_instance_review,needs_instance_review,YES,YES,MEDIUM,INTERNAL_TOP100_CAPTURE_REVIEW,UN is presented as if it directly supports the combined range.
RCI-078,SEO-C001,MM-003,https://en.wikipedia.org/wiki/Mullivaikkal_massacre,event page uses multi-source authority pileup,,UN plus media plus rights reports,propagation_or_context,needs_instance_review,needs_instance_review,YES,MIXED,MEDIUM,INTERNAL_TOP100_CAPTURE_REVIEW,Stacking creates false impression of multiple independent recounts.
RCI-079,MUL-C017,TG-001,https://en.wikipedia.org/wiki/Tamil_genocide,154022-253818 total / 169796 killed in Jan-May 2009,,TCHR NESOHR ITJP advocacy routes,killed_or_fatalities_claim,needs_instance_review,needs_instance_review,YES,YES,MEDIUM,INTERNAL_TOP100_CAPTURE_REVIEW,Highest category-collapse page in the current graph.
RCI-080,MUL-C016,TG-002,https://en.wikipedia.org/wiki/Tamil_genocide,40000-70000 killed and unaccounted,,Petrie Guardian OISL advocacy/legal stack,unaccounted_or_category_mixed,needs_instance_review,needs_instance_review,YES,YES,MEDIUM,INTERNAL_TOP100_CAPTURE_REVIEW,Deaths and unaccounted are merged in reader perception.
RCI-081,SEO-C001,TG-003,https://en.wikipedia.org/wiki/Tamil_genocide,genocide frame wraps disputed casualty clusters,,PEARL PPT scholarship and advocacy stack,genocide_language,needs_instance_review,needs_instance_review,MIXED,YES,MEDIUM,INTERNAL_TOP100_CAPTURE_REVIEW,Page is powerful even when individual citations exist.
RCI-082,MUL-C003,MRD-001,https://en.wikipedia.org/wiki/Mullivaikkal_Remembrance_Day,UN report found as many as 40000 Tamil civilians may have been killed in final months,,Reuters 2014 Washington Post 2011 Al Jazeera 2011,killed_or_fatalities_claim,needs_instance_review,needs_instance_review,MILD,NO,MEDIUM,INTERNAL_TOP100_CAPTURE_REVIEW,Media mediation replaces direct primary citation.
RCI-083,SEO-C001,MRD-002,https://en.wikipedia.org/wiki/Mullivaikkal_Remembrance_Day,annual remembrance page recirculates the number every May,,same media stack,propagation_or_context,needs_instance_review,needs_instance_review,MILD,NO,MEDIUM,INTERNAL_TOP100_CAPTURE_REVIEW,Calendar recurrence raises propagation power.
RCI-084,SEO-C001,CSCW-001,https://en.wikipedia.org/wiki/Casualties_of_the_Sri_Lankan_civil_war,lead preserves exact UN Panel wording,,direct UN Panel citation,propagation_or_context,needs_instance_review,needs_instance_review,NO,NO,MEDIUM,INTERNAL_TOP100_CAPTURE_REVIEW,Best current Wikipedia preservation of the cautious wording.
RCI-085,MUL-C001,CSCW-002,https://en.wikipedia.org/wiki/Casualties_of_the_Sri_Lankan_civil_war,9257-140000 and 13084-75000 ranges appear in tables,,"mixed UN Panel, BBC, ITJP and other sources",propagation_or_context,needs_instance_review,needs_instance_review,NO,YES,MEDIUM,INTERNAL_TOP100_CAPTURE_REVIEW,Tables create wide false-continuum risk.
RCI-086,SEO-C001,CSCW-003,https://en.wikipedia.org/wiki/Casualties_of_the_Sri_Lankan_civil_war,one note says BBC source does not support claim,,maintenance and corrective note,propagation_or_context,needs_instance_review,needs_instance_review,NO,NO,MEDIUM,INTERNAL_TOP100_CAPTURE_REVIEW,Useful proof that the page already contains internal source tension.
RCI-087,SEO-C001,WCFS-001,https://en.wikipedia.org/wiki/War_crimes_during_the_final_stages_of_the_Sri_Lankan_civil_war,war-crimes page routes users into casualty and hospital-shelling evidence,,ICG UN State Department Channel 4 and others,propagation_or_context,needs_instance_review,needs_instance_review,NO,NO,MEDIUM,INTERNAL_TOP100_CAPTURE_REVIEW,Important adjacent hub for narrative authority even without a single dominant death number.
RCI-088,SEO-C001,SERP-081,https://sangam.org/2011/04/Extracts_Experts_Report.php?uid=4320,UN Panel/Wikipedia/Ilankai Tamil Sangam preserve exact cautious phrase,,origin wording,propagation_or_context,needs_instance_review,needs_instance_review,UNKNOWN,UNKNOWN,MEDIUM,INTERNAL_TOP100_CAPTURE_REVIEW,Useful for exact wording but cite original UN Panel where possible.
RCI-089,SEO-C001,SERP-082,https://en.wikipedia.org/wiki/Tamil_genocide,Tamil genocide Wikipedia and Tamil Guardian style pages appear high,,compression node,genocide_language,needs_instance_review,needs_instance_review,UNKNOWN,UNKNOWN,MEDIUM,INTERNAL_TOP100_CAPTURE_REVIEW,Search result itself says estimated 40000 Tamil civilians killed.
RCI-090,SEO-C001,SERP-083,https://en.wikipedia.org/wiki/Mullivaikkal_massacre,Mullivaikkal massacre Wikipedia and mirrors/advocacy surfaces appear,,range expansion,mirror_amplification,needs_instance_review,needs_instance_review,UNKNOWN,UNKNOWN,MEDIUM,INTERNAL_TOP100_CAPTURE_REVIEW,Current page infobox/lead use 40000-70000 fatalities.
RCI-091,SEO-C001,SERP-084,https://www.tamilguardian.com/content/pictures-tamil-genocide-remembrance-day-commemorated-mullivaikkal-0,Tamil Guardian 2026 and PEARL/ITJP routes appear,,unaccounted expansion,propagation_or_context,needs_instance_review,needs_instance_review,UNKNOWN,UNKNOWN,MEDIUM,INTERNAL_TOP100_CAPTURE_REVIEW,Search result says 169796 unaccounted and presumed dead; category must remain visible.
RCI-092,SEO-C001,SERP-085,https://genocideagainsttamils.com/massacres/mullivaikkal-2009/,Genocide memorial/advocacy sites and Wikipedia dominate,,genocide framing,genocide_language,needs_instance_review,needs_instance_review,UNKNOWN,UNKNOWN,MEDIUM,INTERNAL_TOP100_CAPTURE_REVIEW,Often uses source lists rather than sentence-level footnotes.
RCI-093,SEO-C001,SERP-086,https://www.lankastandard.com/2012/02/sri-lanka-s-dead-and-missing-the-need-for-an-accounting/,ICG article and republished copies appear,,accounting frame,propagation_or_context,needs_instance_review,needs_instance_review,UNKNOWN,UNKNOWN,MEDIUM,INTERNAL_TOP100_CAPTURE_REVIEW,Good bridge for DCS lower figures and missing-population questions.
RCI-094,SEO-C001,SERP-087,https://www.ecoi.net/en/document/1220635.html,BBC via ecoi and DCS routes appear,,lower official route,propagation_or_context,needs_instance_review,needs_instance_review,UNKNOWN,UNKNOWN,MEDIUM,INTERNAL_TOP100_CAPTURE_REVIEW,Useful for official lower estimate; needs direct DCS PDF for tables.
RCI-095,SEO-C001,SERP-088,https://everything.explained.today/Mullivaikkal_massacre/,Wikipedia/mirrors likely dominate,,mirror amplification,mirror_amplification,needs_instance_review,needs_instance_review,UNKNOWN,UNKNOWN,MEDIUM,INTERNAL_TOP100_CAPTURE_REVIEW,Mirror duplicates Wikipedia and creates false plurality.
RCI-096,SEO-C001,SERP-089,https://www.reddit.com/r/srilanka/comments/1tgd35u/lets_get_this_straight_if_youre_here_to_troll_or/,Recent Reddit and social pages repeat range,,viral propagation,propagation_or_context,needs_instance_review,needs_instance_review,UNKNOWN,UNKNOWN,MEDIUM,INTERNAL_TOP100_CAPTURE_REVIEW,Social layer often cites UN for 40-70k range without category precision.
RCI-097,SEO-C001,SERP-090,https://www.tamilguardian.com/content/paranagama-report-rejects-40000-death-toll-estimate-blames-ltte-civilian-deaths,Tamil Guardian and commission PDFs appear,,lower counterclaim,propagation_or_context,needs_instance_review,needs_instance_review,UNKNOWN,UNKNOWN,MEDIUM,INTERNAL_TOP100_CAPTURE_REVIEW,"Use Paranagama PDF directly for argument, not only media summary."
RCI-098,SEO-C001,SERP-091,https://wikimili.com/en/Mullivaikkal_massacre,Wikimili and WIKI2 style mirrors appear around Wikipedia and memorial routes,,mirror amplification,mirror_amplification,needs_instance_review,needs_instance_review,UNKNOWN,UNKNOWN,MEDIUM,INTERNAL_TOP100_CAPTURE_REVIEW,Useful for mirror-family expansion in round 2.
RCI-099,SEO-C001,SERP-092,https://pearlaction.org/tamil-genocide-remembrance-day-2021/,PEARL and Tamil Guardian style routes appear around ITJP language,,high-number propagation,propagation_or_context,needs_instance_review,needs_instance_review,UNKNOWN,UNKNOWN,MEDIUM,INTERNAL_TOP100_CAPTURE_REVIEW,Category label must remain visible because many results merge killed and unaccounted.
RCI-100,SEO-C001,SERP-093,https://www.ola.org/en/legislative-business/bills/parliament-42/session-1/bill-104,Ontario legislative and debate routes appear with genocide framing and number stacks,,political hardening,genocide_language,needs_instance_review,needs_instance_review,UNKNOWN,UNKNOWN,MEDIUM,INTERNAL_TOP100_CAPTURE_REVIEW,Political recognition surfaces can harden disputed numeric bundles.
RCI-101,SEO-C001,SERP-094,https://wiki2.org/en/Mullivaikkal_massacre,"WIKI2, The Diplomat, and memorial pages appear with declarative death wording",,mixed authority,killed_or_fatalities_claim,needs_instance_review,needs_instance_review,UNKNOWN,UNKNOWN,MEDIUM,INTERNAL_TOP100_CAPTURE_REVIEW,Good query for finding mid-authority compression nodes.
RCI-102,SEO-C001,SERP-095,https://www.reddit.com/r/srilanka/comments/1j8wsym/what_is_mullivaikal_massacre/,Multiple Reddit debate/explainer pages appear and often convert layered estimates into simple certainty,,forum diffusion,propagation_or_context,needs_instance_review,needs_instance_review,UNKNOWN,UNKNOWN,MEDIUM,INTERNAL_TOP100_CAPTURE_REVIEW,Need comment-level capture because some threads partially correct the headline claim.
RCI-103,SEO-C001,SERP-096,https://www.basementfilms.co.uk/work/sri-lankas-killing-fields,Video and documentary routes surface the number via Channel 4 and remembrance clips,,documentary authority,propagation_or_context,needs_instance_review,needs_instance_review,UNKNOWN,UNKNOWN,MEDIUM,INTERNAL_TOP100_CAPTURE_REVIEW,Video surfaces likely matter more as search snippets and embeds than as raw transcripts.
RCI-104,MUL-C001,SERP-097,https://www.change.org/p/recognize-the-tamil-genocide-and-support-justice-for-the-tamil-people,Petitions and memorial campaigns surface genocide and 40000 language even when not numerically rigorous,,petition amplification,genocide_language,needs_instance_review,needs_instance_review,UNKNOWN,UNKNOWN,MEDIUM,INTERNAL_TOP100_CAPTURE_REVIEW,Useful node family for later crawl even if not all petition pages are top-tier authority.
RCI-105,SEO-C001,SERP-098,https://srilankabrief.org/sri-lankas-dead-and-missing-the-need-for-an-accounting/,Accounting and memorial routes appear and often bridge ICG/Petrie language into activist summaries,,accounting to advocacy bridge,propagation_or_context,needs_instance_review,needs_instance_review,UNKNOWN,UNKNOWN,MEDIUM,INTERNAL_TOP100_CAPTURE_REVIEW,Important for tracking how unaccounted language travels.
RCI-106,MUL-C001,SERP-099,https://www.cipdh.gob.ar/memorias-situadas/en/lugar-de-memoria/mullivaikkal-remembrance-day/,Institutional memorial pages appear with declarative massacre wording and 40000 estimates,,memorial authority,propagation_or_context,needs_instance_review,needs_instance_review,UNKNOWN,UNKNOWN,MEDIUM,INTERNAL_TOP100_CAPTURE_REVIEW,Shows movement from media/NGO phrasing into institutional memory platforms.
RCI-107,VP-002,VP-002,local:screenshot_and_user_supplied_pdf,The UN says more than 40000 civilians died in Mullivaikkal.,40000,UN Panel / OISL / later NGO-remembrance wording route under audit,propagation_or_context,needs_instance_review,needs_instance_review,YES,YES,MEDIUM_HIGH,INTERNAL_TOP100_CAPTURE_REVIEW,Overstated as written if read as literal UN-backed Mullivaikkal-only claim.
RCI-108,MUL-C027,SEO-N069,https://www.ohchr.org/sites/default/files/documents/hrbodies/hrcouncil/sri-lanka/report-accountability-enforced-disappearances-sri-lanka-may2024-en.pdf,OHCHR 2024 report addresses accountability for enforced disappearances in Sri Lanka; not a fresh Mullivaikkal death-toll report.,,OHCHR enforced-disappearances/accountability report,disappearance_accountability,Sri Lanka / multi-period,1970s-2009 and continuing accountability,NO,NO,HIGH,PUBLIC_SAFE_CONTEXT,"Use as disappearance/accountability context, not casualty-total proof."
RCI-109,MUL-C028,SEO-N070,https://www.theguardian.com/world/2009/may/11/sri-lanka-civilian-deaths,contemporaneous doctor/UN/media reports of large-scale civilian deaths in the no-fire zone; independent verification limited at the time.,1400 / 1000 more / 50000-100000 civilians still trapped,contemporaneous media witness route,media_witness_route,No Fire Zone / final Vanni pocket,May 2009,NO,MIXED,MEDIUM_HIGH,PUBLIC_SAFE_WITH_CAVEAT,"Useful for incident/civilian-harm context, not audited casualty total."
RCI-110,MUL-C028,SEO-N071,https://www.theguardian.com/world/2009/may/19/sri-lankan-war,camp witness/third-party interviews report final-stage suffering and a health official claim of 15000 killed in three months.,15000 / 2000 children,contemporaneous media witness route,media_witness_route,No Fire Zone / camps / final Vanni pocket,final three months to May 2009,NO,MIXED,MEDIUM,PUBLIC_SAFE_WITH_CAVEAT,"Useful as media/witness context and citation-stack route, not audited casualty total."
RCI-111,MUL-C029,CLUSTER-PEARL,https://pearlaction.org/,"PEARL cluster consolidates legal, remembrance, advocacy, and public-visibility surfaces.",40000 / 146679 / 169796 where child nodes use them,cluster parent,advocacy_cluster,varies by child node,varies by child node,MIXED,MIXED,MEDIUM_HIGH,INTERNAL_TOP100_CAPTURE_REVIEW,Cluster parent; child rows carry exact claims.
RCI-112,MUL-C030,CLUSTER-BTF,https://www.tamilsforum.com/,BTF cluster consolidates organization and company-route visibility surfaces.,,organization visibility context,funding_or_visibility_context,UK / diaspora organization context,current/public registry routes,NO,NO,MEDIUM,INTERNAL_ONLY_CAUTION,Organization existence/financial capacity only; no message-spend causation.
