capture_id,rank,source_table,source_row_id,query_or_route,title_or_label,url,result_type,domain_class,observed_claim_text,source_cited_or_stack,number_used,hardens_un_claim,collapses_category,propaganda_potential_score,evidence_status,capture_method,access_or_capture_date,notes
TOP-001,1,seo-graph-nodes,SEO-N001,existing high-power graph node,UN Panel 2011,https://www.law.umich.edu/facultyhome/drwcasebook/Documents/Documents/Report%20of%20the%20Panel%20of%20Experts%20on%20Accountability%20in%20Sri%20Lanka.pdf,source,UN,up to 40000 civilian deaths could not be ruled out,self,,NO,NO,30,CORE,existing_graph_capture,2026-05-21,Origin source; cautious final-phase/Vanni wording.
TOP-002,2,seo-graph-nodes,SEO-N002,existing high-power graph node,Petrie/Internal Review,https://digitallibrary.un.org/record/737299/files/The_Internal_Review_Panel_report_on_Sri_Lanka.pdf,source,UN,UN failure / under-reporting / later 70000 unaccounted route,self,,MIXED,MIXED,48,CAPTURED,existing_graph_capture,2026-05-21,Important for missing/unaccounted route and accountability context.
TOP-003,3,seo-graph-nodes,SEO-N003,existing high-power graph node,OISL 2015,https://www.ohchr.org/sites/default/files/documents/hrbodies/hrcouncil/sessions-regular/session30/documents/a-hrc-30-crp-2.pdf,source,UN,serious allegations and incident patterns in the final phase,self,,NO,NO,40,CAPTURED,existing_graph_capture,2026-05-21,"Strong for shelling, hospitals, deprivation, and accountability; not a total casualty count."
TOP-004,4,seo-graph-nodes,SEO-N004,existing high-power graph node,Wikipedia Panel report page,https://en.wikipedia.org/wiki/Report_of_the_Secretary-General%27s_Panel_of_Experts_on_Accountability_in_Sri_Lanka,hub,wikipedia,as many as 40000 may have been killed,UN Panel,,MILD,NO,69,CAPTURED,existing_graph_capture,2026-05-21,Root interpreter page for non-specialists.
TOP-005,5,seo-graph-nodes,SEO-N005,existing high-power graph node,Wikipedia Mullivaikkal massacre,https://en.wikipedia.org/wiki/Mullivaikkal_massacre,hub,wikipedia,40000-70000 fatalities / according to UN,UN Panel plus Petrie and media,,YES,YES,88,CAPTURED,existing_graph_capture,2026-05-21,High-risk infobox and lead hardening.
TOP-006,6,seo-graph-nodes,SEO-N006,existing high-power graph node,Wikipedia Tamil genocide,https://en.wikipedia.org/wiki/Tamil_genocide,hub,wikipedia,169796 killed; 40000-70000 killed and unaccounted,ITJP plus Petrie plus advocacy/legal stack,,YES,YES,92,CAPTURED,existing_graph_capture,2026-05-21,Strong category collapse and legal-frame merger.
TOP-007,7,seo-graph-nodes,SEO-N007,existing high-power graph node,Wikipedia Mullivaikkal Remembrance Day,https://en.wikipedia.org/wiki/Mullivaikkal_Remembrance_Day,hub,wikipedia,as many as 40000 may have been killed,Reuters/Washington Post/Al Jazeera around UN route,,MILD,NO,76,CAPTURED,existing_graph_capture,2026-05-21,Annual remembrance recirculation node.
TOP-008,8,seo-graph-nodes,SEO-N008,existing high-power graph node,Wikipedia Casualties of Sri Lankan civil war,https://en.wikipedia.org/wiki/Casualties_of_the_Sri_Lankan_civil_war,hub,wikipedia,multiple casualty ranges including 40000 70000 and 169796,UN Panel plus ITJP plus media,,NO,YES,82,CAPTURED,existing_graph_capture,2026-05-21,Numeric aggregator with category-mixing risk.
TOP-009,9,seo-graph-nodes,SEO-N009,existing high-power graph node,Wikipedia War crimes during final stages,https://en.wikipedia.org/wiki/War_crimes_during_the_final_stages_of_the_Sri_Lankan_civil_war,hub,wikipedia,war-crimes pattern page with many accountability sources,ICG plus UN plus State Department,,NO,NO,71,CAPTURED,existing_graph_capture,2026-05-21,Important hub even when not the main casualty page.
TOP-010,10,seo-graph-nodes,SEO-N010,existing high-power graph node,DBpedia Mullivaikkal massacre,https://dbpedia.org/resource/Mullivaikkal_massacre,mirror,knowledge_graph,semantic mirror of Wikipedia event node,Wikipedia Mullivaikkal massacre,,YES,YES,80,CAPTURED,existing_graph_capture,2026-05-21,Machine-readable graph amplification.
TOP-011,11,seo-graph-nodes,SEO-N011,existing high-power graph node,Everything Explained Mullivaikkal massacre,https://everything.explained.today/Mullivaikkal_massacre/,mirror,seo_mirror,duplicates 40000-70000 fatalities framing,Wikipedia mirror,,YES,YES,78,CAPTURED,existing_graph_capture,2026-05-21,Copy-mirror that inflates apparent source plurality.
TOP-012,12,seo-graph-nodes,SEO-N012,existing high-power graph node,Amnesty Mullivaikkal 2024,https://www.amnesty.org/en/latest/news/2024/05/sri-lanka-fifteen-years-after-the-end-of-war-victims-still-await-justice-at-mullivaikkal/,article,ngo,at Mullivaikkal killing at least 40000 civilians according to UN estimates,UN estimates,,YES,NO,74,CAPTURED,existing_graph_capture,2026-05-21,Reputable NGO with location compression risk.
TOP-013,13,seo-graph-nodes,SEO-N013,existing high-power graph node,HRW commentary 2024,https://www.hrw.org/news/2024/05/14/15-years-sri-lankas-conflict-ended-no-justice-war-crimes,article,ngo,up to 40000 civilians were killed in the final months,UN panel of experts,,MILD,NO,67,CAPTURED,existing_graph_capture,2026-05-21,Cleaner than Mullivaikkal-only wording; still derivative.
TOP-014,14,seo-graph-nodes,SEO-N014,existing high-power graph node,ICG War Crimes in Sri Lanka,https://www.crisisgroup.org/sites/default/files/191-war-crimes-in-sri-lanka.pdf,report,ngo,tens of thousands killed and war-crimes inquiry needed,self,,NO,NO,62,CAPTURED,existing_graph_capture,2026-05-21,Pattern authority more than numeric precision.
TOP-015,15,seo-graph-nodes,SEO-N015,existing high-power graph node,LLRC final report,https://www.peace-srilanka.org/images/publications/LLRC-Report-in-Sri-lanka.pdf,report,state_or_domestic_commission,records disputed figures and says totals were not verified,self,,NO,NO,57,CAPTURED,existing_graph_capture,2026-05-21,Counter-route of caution and domestic review.
TOP-016,16,seo-graph-nodes,SEO-N016,existing high-power graph node,Paranagama second mandate,https://www.parliament.lk/uploads/documents/paperspresented/report-of-paranagama.pdf,report,state_or_domestic_commission,rejects higher estimates and cites lower external routes,self,,NO,NO,63,CAPTURED,existing_graph_capture,2026-05-21,Adversarial lower-count lane.
TOP-017,17,seo-graph-nodes,SEO-N017,existing high-power graph node,Lord Naseby Hansard 2017,https://hansard.parliament.uk/Lords/2017-10-12/debates/14CAA83D-8895-4182-8C4F-D964E0A5B399/SriLanka,political_counter,host_political_counter,lower-count public argument using leaked dispatch framing,Paranagama and dispatch route,,NO,MIXED,59,CAPTURED,existing_graph_capture,2026-05-21,Political echo of lower-count critique.
TOP-018,18,seo-graph-nodes,SEO-N018,existing high-power graph node,DCS EVE-2011,https://www.statistics.gov.lk/Resource/en/Population/Vital_Statistics/EVE2011_FinalReport.pdf,report,state_statistics,8998 deaths / 2635 untraceable in Jan-May 2009 tables,self,,NO,NO,58,CAPTURED,existing_graph_capture,2026-05-21,Official lower enumeration route.
TOP-019,19,seo-graph-nodes,SEO-N019,existing high-power graph node,ICRC Vanni case study,https://casebook.icrc.org/case-study/sri-lanka-conflict-vanni,case_study,humanitarian,250000 civilians trapped / evacuations and relief obstruction,self,,NO,NO,52,CAPTURED,existing_graph_capture,2026-05-21,"Context authority, not a casualty total."
TOP-020,20,seo-graph-nodes,SEO-N020,existing high-power graph node,PEARL genocide legal brief,https://pearlaction.org/genocide-legal-briefing/,advocacy,diaspora_advocacy,reasonable grounds to believe genocide,PEARL legal analysis plus UN/OISL/ITJP,,MIXED,MIXED,78,CAPTURED,existing_graph_capture,2026-05-21,Legal advocacy argument; not a tribunal finding.
TOP-021,21,seo-graph-nodes,SEO-N021,existing high-power graph node,ITJP death toll brief,https://itjpsl.com/assets/ITJP_death_toll_A4_v6.pdf,report,advocacy_data,169796 killed or unaccounted route,ITJP model,,YES,YES,81,CAPTURED,existing_graph_capture,2026-05-21,High-number model route with strong propagation potential.
TOP-022,22,seo-graph-nodes,SEO-N022,existing high-power graph node,Genocide Against Tamils Mullivaikkal,https://genocideagainsttamils.com/massacres/mullivaikkal-2009/,advocacy,seo_memorial,UN Panel up to 40000 alongside 70000 style framing,source lists and advocacy stack,,YES,YES,77,CAPTURED,existing_graph_capture,2026-05-21,Memorial SEO taxonomy node.
TOP-023,23,seo-graph-nodes,SEO-N023,existing high-power graph node,Tamil Conferences declaration,https://tamilconferences.org/consensus/declaration-of-common-principles-of-tamils/,advocacy,movement_consensus,UN 40000 plus 70000 and 146679,UN Panel plus Petrie plus Bishop of Mannar,,YES,YES,70,CAPTURED,existing_graph_capture,2026-05-21,"Political consensus document, not neutral audit."
TOP-024,24,seo-graph-nodes,SEO-N024,existing high-power graph node,Tamil Guardian remembrance coverage 2026,https://www.tamilguardian.com/content/pictures-tamil-genocide-remembrance-day-commemorated-mullivaikkal-0,article,tamil_media_community,169796 unaccounted and presumed dead,ITJP-style route,,YES,YES,74,CAPTURED,existing_graph_capture,2026-05-21,Community-media amplification of higher number.
TOP-025,25,seo-graph-nodes,SEO-N025,existing high-power graph node,Groundviews 2014 counter lane,https://groundviews.org/2014/04/10/generating-calamity-2008-2014-an-overview-of-tamil-nationalist-operations-and-their-marvels/,counter,counter_narrative,40k turned into definitive figure,UN Panel critique,,NO,NO,68,CAPTURED,existing_graph_capture,2026-05-21,Useful but polemical adversarial node.
TOP-026,26,seo-graph-nodes,SEO-N026,existing high-power graph node,Groundviews 2026 reflection,https://groundviews.org/2026/05/18/seventeen-years-after-mullivaikkal-reconsidering-justice-and-political-strategy/,article,independent_commentary,remembrance remains necessary but diaspora guarantees and externalism are criticized,mixed sources,,NO,NO,53,CAPTURED,existing_graph_capture,2026-05-21,Useful for current debate framing and caution against overreliance on outside narratives.
TOP-027,27,seo-graph-nodes,SEO-N027,existing high-power graph node,Ontario Bill 104,https://www.ola.org/en/legislative-business/bills/parliament-42/session-1/bill-104,political_recognition,host_government,UN estimates 40000-75000 in May 2009 and other estimates 146679,legislative preamble,,YES,YES,86,CAPTURED,existing_graph_capture,2026-05-21,Legislative hardening route with public-education reach.
TOP-028,28,seo-graph-nodes,SEO-N028,existing high-power graph node,Canada PM statement 2026,https://www.pm.gc.ca/en/news/statements/2026/05/18/statement-prime-minister-carney-tamil-genocide-remembrance-day,political_recognition,host_government,atrocities against Tamils recognized as genocide by Parliament in 2022,Canadian Parliament route,,MIXED,NO,72,CAPTURED,existing_graph_capture,2026-05-21,Political recognition node; not a legal tribunal.
TOP-029,29,seo-graph-nodes,SEO-N029,existing high-power graph node,Viral Sinhala Facebook post,local:screenshot,viral_social,social,UN Gaza accepted but 40000 Mullivaikkal rejected,UN shorthand and moral analogy,,YES,NO,84,LOCAL_CAPTURED,existing_graph_capture,2026-05-21,Live object of inquiry; source trail still unproven.
TOP-030,30,seo-graph-nodes,SEO-N030,existing high-power graph node,ProPublica PEARL 990,https://projects.propublica.org/nonprofits/organizations/263697312,filing,funding,2023 revenue 107122 expenses 179739,tax filing,,NO,NO,45,CAPTURED,existing_graph_capture,2026-05-21,Funding visibility only.
TOP-031,31,seo-graph-nodes,SEO-N031,existing high-power graph node,Global Tamil Forum about,https://www.globaltamilforum.org/about-us.aspx,organization,diaspora_advocacy,non-violent international advocacy organization,self,,NO,NO,51,CAPTURED,existing_graph_capture,2026-05-21,Organizational presence in the advocacy ecosystem.
TOP-032,32,seo-graph-nodes,SEO-N032,existing high-power graph node,BTF company route,https://find-and-update.company-information.service.gov.uk/company/11829919,filing,funding,active UK membership organisation route,self,,NO,NO,42,CAPTURED,existing_graph_capture,2026-05-21,"Corporate existence, not causal proof."
TOP-033,33,seo-graph-nodes,SEO-N033,existing high-power graph node,TGTE Canada corporation,https://www.canadacompanyregistry.com/companies/transnational-government-of-tamil-eelam-inc/,filing,funding,active non-soliciting Canada corporation,self,,NO,NO,50,CAPTURED,existing_graph_capture,2026-05-21,Political diaspora organization route.
TOP-034,34,seo-graph-nodes,SEO-N034,existing high-power graph node,Meta Ad Library,https://www.facebook.com/ads/library,ad_transparency,platform,search route for issue and political ads,self,,NO,NO,35,ROUTE_ONLY,existing_graph_capture,2026-05-21,Correct route to test paid amplification; no result capture yet.
TOP-035,35,seo-graph-nodes,SEO-N035,existing high-power graph node,Google Ads Transparency Center,https://adstransparency.google.com/,ad_transparency,platform,search route for search and video ads,self,,NO,NO,35,ROUTE_ONLY,existing_graph_capture,2026-05-21,Correct route to test paid search/video amplification; no result capture yet.
TOP-036,36,seo-graph-nodes,SEO-N036,existing high-power graph node,Wiki2 Mullivaikkal massacre,https://wiki2.org/en/Mullivaikkal_massacre,mirror,seo_mirror,between 40000 and 70000 entrapped Tamil civilians were killed,Wikipedia mirror,,YES,YES,79,CAPTURED,existing_graph_capture,2026-05-21,High-visibility mirror that repackages Wikipedia prose.
TOP-037,37,seo-graph-nodes,SEO-N037,existing high-power graph node,Sri Lanka Brief dead and missing route,https://srilankabrief.org/sri-lankas-dead-and-missing-the-need-for-an-accounting/,article,republished_ngo_media,70000 people unaccounted for,ICG and dead-and-missing accounting lane,,MIXED,YES,64,CAPTURED,existing_graph_capture,2026-05-21,Accounting-oriented but often read as a death-count lane.
TOP-038,38,seo-graph-nodes,SEO-N038,existing high-power graph node,The Diplomat 2020 remembrance article,https://thediplomat.com/2020/05/sri-lankas-war-victims-still-await-justice/,article,international_media,up to 40000 civilians may have been killed in the last stages of the war,UN panel,,NO,NO,65,CAPTURED,existing_graph_capture,2026-05-21,High-authority international commentary surface.
TOP-039,39,seo-graph-nodes,SEO-N039,existing high-power graph node,CIPDH Mullivaikkal remembrance page,https://www.cipdh.gob.ar/memorias-situadas/en/lugar-de-memoria/mullivaikkal-remembrance-day/,institutional_memorial,international_memorial_institution,an estimated 40000 Tamil civilians were massacred in the final stages of the war,commemorative institutional framing,,YES,NO,75,CAPTURED,existing_graph_capture,2026-05-21,Institutional memorial authority turns estimate into declarative prose.
TOP-040,40,seo-graph-nodes,SEO-N040,existing high-power graph node,PEARL 2021 remembrance statement,https://pearlaction.org/tamil-genocide-remembrance-day-2021/,advocacy,diaspora_advocacy,UN estimated 40000 civilians killed and others estimate 146679 unaccounted for,UN panel plus higher missing route,,YES,YES,79,CAPTURED,existing_graph_capture,2026-05-21,Combines authoritative upper estimate with higher unaccounted route.
TOP-041,41,seo-graph-nodes,SEO-N041,existing high-power graph node,PEARL 2024 justice-for-genocide summary,https://pearlaction.org/wp-content/uploads/2024/09/Justice-for-Genocide-Sri-Lankas-Responsibility-for-Genocide-Against-the-Tamil-People-in-2009.pdf,advocacy,diaspora_advocacy,as many as 40000 Tamils killed and up to 169796 unaccounted for,UN/OISL/ITJP legal-advocacy stack,,YES,YES,83,CAPTURED,existing_graph_capture,2026-05-21,Major legal-advocacy synthesis node.
TOP-042,42,seo-graph-nodes,SEO-N042,existing high-power graph node,Ontario Hansard Bill 104 debate,https://www.ola.org/en/legislative-business/house-documents/parliament-42/session-2/2021-05-06/hansard,political_recognition,host_government,40000 to 146679 Tamils perished in the genocide,bill debate and member speeches,,YES,YES,82,CAPTURED,existing_graph_capture,2026-05-21,Legislative debate hardens disputed numeric cluster.
TOP-043,43,seo-graph-nodes,SEO-N043,existing high-power graph node,Ontario Hansard memorial debate 2019,https://www.ola.org/en/legislative-business/house-documents/parliament-42/session-1/2019-05-16/hansard,political_recognition,host_government,40000 to 146679 civilians killed during the genocide,member memorial speeches,,YES,YES,80,CAPTURED,existing_graph_capture,2026-05-21,Earlier recognition-era number hardening lane.
TOP-044,44,seo-graph-nodes,SEO-N044,existing high-power graph node,Reddit r/srilanka thread 2026,https://www.reddit.com/r/srilanka/comments/1tgd35u/lets_get_this_straight_if_youre_here_to_troll_or/,social_forum,social,UN estimates 40000-70000 Tamil civilians were killed,social-post shorthand,,YES,YES,73,CAPTURED,existing_graph_capture,2026-05-21,"Comments partly correct the number, but OP carries compressed range."
TOP-045,45,seo-graph-nodes,SEO-N045,existing high-power graph node,Reddit r/srilanka explainer 2025,https://www.reddit.com/r/srilanka/comments/1j8wsym/what_is_mullivaikal_massacre/,social_forum,social,UN reports civilian deaths at 40000; groups say 70000-100000,social explainer and comments,,YES,YES,71,CAPTURED,existing_graph_capture,2026-05-21,Forum explainer turns layered estimates into simple ladder.
TOP-046,46,seo-graph-nodes,SEO-N046,existing high-power graph node,Google Groups Tamil forum mirror,https://groups.google.com/g/thiru-thoazhamai/c/UbDzzloaOV0,forum_archive,social_archive,UN estimate more than 40000; Petrie more than 70000,TamilNet and video-linked forum mirror,,YES,YES,66,CAPTURED,existing_graph_capture,2026-05-21,Bundles multiple routes into one archive thread.
TOP-047,47,seo-graph-nodes,SEO-N047,existing high-power graph node,Basement Films Killing Fields route,https://www.basementfilms.co.uk/work/sri-lankas-killing-fields,video_route,documentary_media,allegations that up to 40000 civilians died in the final weeks,Channel 4 documentary framing,,NO,NO,60,CAPTURED,existing_graph_capture,2026-05-21,Documentary authority node that later feeds compression.
TOP-048,48,seo-graph-nodes,SEO-N048,existing high-power graph node,Ilankai Tamil Sangam Amnesty repost,https://sangam.org/amnesty-fifteen-years-after-the-end-of-war-victims-still-await-justice-at-mullivaikkal/,repost,diaspora_archive,killing at least 40000 civilians according to UN estimates,Amnesty repost,,YES,NO,69,CAPTURED,existing_graph_capture,2026-05-21,Repost/archival amplification of Amnesty wording.
TOP-049,49,seo-graph-nodes,SEO-N049,existing high-power graph node,Maktoob Media remembrance explainer,https://maktoobmedia.com/public/post?id=102537&slug=why-may-18-is-marked-as-tamil-genocide-remembrance-day,article,indian_media_social_bridge,40000 civilians may have died,HRW and remembrance routes,,MILD,NO,58,CAPTURED,existing_graph_capture,2026-05-21,Bridge node into X/share surfaces.
TOP-050,50,seo-graph-nodes,SEO-N050,existing high-power graph node,Wikipedia Sri Lankan civil war,https://en.wikipedia.org/wiki/Sri_Lankan_civil_war,hub,wikipedia_broad_hub,"infobox and body stack 40000 killed, 70000 unaccounted, 146000 unaccounted, and 169796 killed",UN Panel plus ITJP plus broader war summaries,,YES,YES,89,CAPTURED,existing_graph_capture,2026-05-21,Broad-war hub with severe denominator and category risk.
TOP-051,51,seo-graph-nodes,SEO-N051,existing high-power graph node,Wikipedia Petrie report page,https://en.wikipedia.org/wiki/Secretary-General%27s_Internal_Review_Panel_on_United_Nations_Action_in_Sri_Lanka,hub,wikipedia_report_interpreter,could have been as many as 40000 civilian deaths; other sources say over 70000 unaccounted,UN Panel plus lower government sources,,MILD,YES,74,CAPTURED,existing_graph_capture,2026-05-21,Important because a report-summary page itself bundles multiple numeric lanes.
TOP-052,52,seo-graph-nodes,SEO-N052,existing high-power graph node,Wikipedia list of massacres in Sri Lanka,https://en.wikipedia.org/wiki/List_of_massacres_in_Sri_Lanka,list_hub,wikipedia,Mulivaikal massacre 40000-70000,Wikipedia event-page derivative,,YES,YES,81,CAPTURED,existing_graph_capture,2026-05-21,Taxonomy/list page that hardens event framing.
TOP-053,53,seo-graph-nodes,SEO-N053,existing high-power graph node,Wikipedia Sri Lanka's Killing Fields,https://en.wikipedia.org/wiki/Sri_Lanka%27s_Killing_Fields,media_hub,wikipedia,Lankan Army killed 40000 Tamils / tens of thousands died,Channel 4 and media framing,,YES,MIXED,76,CAPTURED,existing_graph_capture,2026-05-21,Media-summary page that pushes the number into documentary memory.
TOP-054,54,seo-graph-nodes,SEO-N054,existing high-power graph node,Wikipedia The Cage by Gordon Weiss,https://en.wikipedia.org/wiki/The_Cage_%28Weiss_book%29,book_node,wikipedia,up to 40000 civilians may have been killed in the final stages,Gordon Weiss route,,MILD,NO,63,CAPTURED,existing_graph_capture,2026-05-21,Bridge into the Gordon Weiss popularization lane.
TOP-055,55,seo-graph-nodes,SEO-N055,existing high-power graph node,Wikipedia Lies Agreed Upon,https://en.wikipedia.org/wiki/Lies_Agreed_Upon,counter_media_hub,wikipedia,counter-claims cite about 7000 casualties and challenge 40000,state counter-documentary route,,NO,MIXED,64,CAPTURED,existing_graph_capture,2026-05-21,Useful to map how counter-propagation works.
TOP-056,56,seo-graph-nodes,SEO-N056,existing high-power graph node,Wikidata Sri Lankan civil war,https://www.wikidata.org/wiki/Q213394,knowledge_graph,knowledge_graph,structured broad-war death property without careful final-phase category labels,Wikidata community data,,NO,MIXED,55,CAPTURED,existing_graph_capture,2026-05-21,Knowledge-graph denominator expansion route.
TOP-057,57,seo-graph-nodes,SEO-N057,existing high-power graph node,Fandom war-crimes mirror,https://military-history.fandom.com/wiki/War_crimes_during_the_final_stages_of_the_Sri_Lankan_Civil_War,mirror,seo_mirror,40000 civilians killed / 146000 unaccounted / 169796 killed,Wikipedia-style stacked claims,,YES,YES,78,CAPTURED,existing_graph_capture,2026-05-21,Mirror/fandom route with category collapse.
TOP-058,58,seo-graph-nodes,SEO-N058,existing high-power graph node,MFA rebuttal to Tamil genocide claim,https://mfa.gov.lk/en/tamil-genocide-sl/,official_counter,state_official,hypothetical figure of 40000 civilian deaths,state rebuttal,,NO,YES,72,CAPTURED,existing_graph_capture,2026-05-21,High-value official counter-route.
TOP-059,59,seo-graph-nodes,SEO-N059,existing high-power graph node,MFA hosted counter-piece on 7721 and 40000,https://mfa.gov.lk/sin/un-sidesteps-query-on-721-deaths/,official_counter,state_official,7721 deaths including LTTE combatants,state-hosted pro-state media,,NO,YES,70,CAPTURED,existing_graph_capture,2026-05-21,Category-discipline route used rhetorically as counter to high estimates.
TOP-060,60,seo-graph-nodes,SEO-N060,existing high-power graph node,Defence.lk lower-count rebuttal,https://www.defence.lk/Article/view_article/845,official_counter,state_official,less than 8000 deaths which includes LTTE dead,state-hosted counter argument,,NO,YES,71,CAPTURED,existing_graph_capture,2026-05-21,"Blends skeletal-remains rhetoric, missing-persons critique, and lower counts."
TOP-061,61,seo-graph-nodes,SEO-N061,existing high-power graph node,Defence.lk Lord Naseby route,https://www.defence.lk/Article/view_article/840,official_counter,state_official,40000 deaths did not take place,Naseby and dispatch route,,NO,YES,72,CAPTURED,existing_graph_capture,2026-05-21,Official repackaging of the UK parliamentary lower-count lane.
TOP-062,62,seo-graph-nodes,SEO-N062,existing high-power graph node,MFA Lord Naseby 2021 route,https://mfa.gov.lk/sin/lord-naseby-sl-genocide/,official_counter,state_official,maximum of 6000 to 7000 deaths,Naseby and Gash dispatch route,,NO,YES,73,CAPTURED,existing_graph_capture,2026-05-21,Core lower-count official counter node.
TOP-063,63,seo-graph-nodes,SEO-N063,existing high-power graph node,MFA Narrative III methodology critique,https://mfa.gov.lk/sin/the-last-stages-of-the-war-in-sri-lanka-narrative-iii/,official_counter,state_official,to question the methodology,state-hosted methodological critique,,NO,NO,61,CAPTURED,existing_graph_capture,2026-05-21,Intellectual counter-route distinct from direct denial.
TOP-064,64,seo-graph-nodes,SEO-N064,existing high-power graph node,Brampton proclamation 2024,https://www1.brampton.ca/EN/City-Hall/Protocol-Office/2024%20Proclamations/Tamil%20Genocide%20Day-05.18.2024.pdf,political_recognition,municipal_government,over 40000 Tamil civilians lost their lives during the last stages,municipal proclamation,,YES,NO,77,CAPTURED,existing_graph_capture,2026-05-21,Municipal-recognition node with strong civic legitimacy effect.
TOP-065,65,seo-graph-nodes,SEO-N065,existing high-power graph node,US House Resolution 1230,https://www.congress.gov/bill/118th-congress/house-resolution/1230/text,political_recognition,host_government,hundreds of thousands of lives lost including the Tamil Genocide,Congress resolution text,,MIXED,YES,74,CAPTURED,existing_graph_capture,2026-05-21,Broad-war/genocide label expansion in U.S. political space.
TOP-066,66,seo-graph-nodes,SEO-N066,existing high-power graph node,Scottish Parliament motion S6M-19300,https://www.parliament.scot/chamber-and-committees/votes-and-motions/S6M-19300,political_recognition,host_government,"estimated 70000 to 146000 Tamil civilians, as documented by the UN and international human rights organisations",motion text,,YES,YES,85,CAPTURED,existing_graph_capture,2026-05-21,Very strong political hardening and authority inflation node.
TOP-067,67,seo-graph-nodes,SEO-N067,existing high-power graph node,UN-hosted NGO statement A/HRC/60/NGO/309,https://documents.un.org/api/symbol/access?l=en&s=A%2FHRC%2F60%2FNGO%2F309&t=pdf,ngo_statement,un_hosted_advocacy,up to 40000 civilians may have been killed and up to 175000 were killed,NGO submission hosted on UN documents,,YES,YES,83,CAPTURED,existing_graph_capture,2026-05-21,High-risk authority laundering route.
TOP-068,68,seo-graph-nodes,SEO-N068,existing high-power graph node,UN-hosted NGO statement A/HRC/53/NGO/266,https://documents.un.org/doc/undoc/gen/g23/265/90/pdf/g2326590.pdf,ngo_statement,un_hosted_advocacy,more than 169000 innocent Tamil people,NGO submission hosted on UN documents,,YES,YES,82,CAPTURED,existing_graph_capture,2026-05-21,UN domain gives heavy authority to advocacy language.
TOP-069,69,wikipedia-revision-citation-audit,MM-001,wikipedia citation/revision audit,Mullivaikkal massacre / infobox_fatalities,https://en.wikipedia.org/wiki/Mullivaikkal_massacre,wikipedia_audit_row,wikipedia,40000-70000 fatalities,Al Jazeera opinion plus broader article stack,,YES,YES,,CAPTURED,existing_wikipedia_audit,2026-05-21,Most aggressive high-authority compression lane in the current Wikipedia set.
TOP-070,70,wikipedia-revision-citation-audit,MM-002,wikipedia citation/revision audit,Mullivaikkal massacre / lead_sentence,https://en.wikipedia.org/wiki/Mullivaikkal_massacre,wikipedia_audit_row,wikipedia,according to the UN between 40000 and 70000 entrapped Tamil civilians were killed,Channel 4 BBC Guardian WSJ AP Independent Pulitzer UN Panel Petrie,,YES,YES,,CAPTURED,existing_wikipedia_audit,2026-05-21,UN is presented as if it directly supports the combined range.
TOP-071,71,wikipedia-revision-citation-audit,MM-003,wikipedia citation/revision audit,Mullivaikkal massacre / citation_stack,https://en.wikipedia.org/wiki/Mullivaikkal_massacre,wikipedia_audit_row,wikipedia,event page uses multi-source authority pileup,UN plus media plus rights reports,,YES,MIXED,,CAPTURED,existing_wikipedia_audit,2026-05-21,Stacking creates false impression of multiple independent recounts.
TOP-072,72,wikipedia-revision-citation-audit,TG-001,wikipedia citation/revision audit,Tamil genocide / infobox_totals,https://en.wikipedia.org/wiki/Tamil_genocide,wikipedia_audit_row,wikipedia,154022-253818 total / 169796 killed in Jan-May 2009,TCHR NESOHR ITJP advocacy routes,,YES,YES,,CAPTURED,existing_wikipedia_audit,2026-05-21,Highest category-collapse page in the current graph.
TOP-073,73,wikipedia-revision-citation-audit,TG-002,wikipedia citation/revision audit,Tamil genocide / casualty_row,https://en.wikipedia.org/wiki/Tamil_genocide,wikipedia_audit_row,wikipedia,40000-70000 killed and unaccounted,Petrie Guardian OISL advocacy/legal stack,,YES,YES,,CAPTURED,existing_wikipedia_audit,2026-05-21,Deaths and unaccounted are merged in reader perception.
TOP-074,74,wikipedia-revision-citation-audit,TG-003,wikipedia citation/revision audit,Tamil genocide / frame_effect,https://en.wikipedia.org/wiki/Tamil_genocide,wikipedia_audit_row,wikipedia,genocide frame wraps disputed casualty clusters,PEARL PPT scholarship and advocacy stack,,MIXED,YES,,CAPTURED,existing_wikipedia_audit,2026-05-21,Page is powerful even when individual citations exist.
TOP-075,75,wikipedia-revision-citation-audit,MRD-001,wikipedia citation/revision audit,Mullivaikkal Remembrance Day / lead_sentence,https://en.wikipedia.org/wiki/Mullivaikkal_Remembrance_Day,wikipedia_audit_row,wikipedia,UN report found as many as 40000 Tamil civilians may have been killed in final months,Reuters 2014 Washington Post 2011 Al Jazeera 2011,,MILD,NO,,CAPTURED,existing_wikipedia_audit,2026-05-21,Media mediation replaces direct primary citation.
TOP-076,76,wikipedia-revision-citation-audit,MRD-002,wikipedia citation/revision audit,Mullivaikkal Remembrance Day / recurrence_effect,https://en.wikipedia.org/wiki/Mullivaikkal_Remembrance_Day,wikipedia_audit_row,wikipedia,annual remembrance page recirculates the number every May,same media stack,,MILD,NO,,CAPTURED,existing_wikipedia_audit,2026-05-21,Calendar recurrence raises propagation power.
TOP-077,77,wikipedia-revision-citation-audit,CSCW-001,wikipedia citation/revision audit,Casualties of the Sri Lankan civil war / lead_quote,https://en.wikipedia.org/wiki/Casualties_of_the_Sri_Lankan_civil_war,wikipedia_audit_row,wikipedia,lead preserves exact UN Panel wording,direct UN Panel citation,,NO,NO,,CAPTURED,existing_wikipedia_audit,2026-05-21,Best current Wikipedia preservation of the cautious wording.
TOP-078,78,wikipedia-revision-citation-audit,CSCW-002,wikipedia citation/revision audit,Casualties of the Sri Lankan civil war / table_ranges,https://en.wikipedia.org/wiki/Casualties_of_the_Sri_Lankan_civil_war,wikipedia_audit_row,wikipedia,9257-140000 and 13084-75000 ranges appear in tables,"mixed UN Panel, BBC, ITJP and other sources",,NO,YES,,CAPTURED,existing_wikipedia_audit,2026-05-21,Tables create wide false-continuum risk.
TOP-079,79,wikipedia-revision-citation-audit,CSCW-003,wikipedia citation/revision audit,Casualties of the Sri Lankan civil war / source_note,https://en.wikipedia.org/wiki/Casualties_of_the_Sri_Lankan_civil_war,wikipedia_audit_row,wikipedia,one note says BBC source does not support claim,maintenance and corrective note,,NO,NO,,CAPTURED,existing_wikipedia_audit,2026-05-21,Useful proof that the page already contains internal source tension.
TOP-080,80,wikipedia-revision-citation-audit,WCFS-001,wikipedia citation/revision audit,War crimes during the final stages of the Sri Lankan civil war / accountability_hub,https://en.wikipedia.org/wiki/War_crimes_during_the_final_stages_of_the_Sri_Lankan_civil_war,wikipedia_audit_row,wikipedia,war-crimes page routes users into casualty and hospital-shelling evidence,ICG UN State Department Channel 4 and others,,NO,NO,,CAPTURED,existing_wikipedia_audit,2026-05-21,Important adjacent hub for narrative authority even without a single dominant death number.
TOP-081,81,exact-phrase-serp-capture,SERP-081,"could have been as many as 40,000 Sri Lanka UN Panel",UN Panel/Wikipedia/Ilankai Tamil Sangam preserve exact cautious phrase,https://sangam.org/2011/04/Extracts_Experts_Report.php?uid=4320,primary-extract/republication,primary-extract/republication,UN Panel/Wikipedia/Ilankai Tamil Sangam preserve exact cautious phrase,origin wording,,UNKNOWN,UNKNOWN,,CAPTURED_EXISTING_SERP_NOTE,existing_phrase_capture_not_live_serp,2026-05-21,Useful for exact wording but cite original UN Panel where possible.
TOP-082,82,exact-phrase-serp-capture,SERP-082,"40,000 Tamil civilians Mullivaikkal",Tamil genocide Wikipedia and Tamil Guardian style pages appear high,https://en.wikipedia.org/wiki/Tamil_genocide,wikipedia,wikipedia,Tamil genocide Wikipedia and Tamil Guardian style pages appear high,compression node,,UNKNOWN,UNKNOWN,,CAPTURED_EXISTING_SERP_NOTE,existing_phrase_capture_not_live_serp,2026-05-21,Search result itself says estimated 40000 Tamil civilians killed.
TOP-083,83,exact-phrase-serp-capture,SERP-083,"40,000 to 70,000 Mullivaikkal",Mullivaikkal massacre Wikipedia and mirrors/advocacy surfaces appear,https://en.wikipedia.org/wiki/Mullivaikkal_massacre,wikipedia,wikipedia,Mullivaikkal massacre Wikipedia and mirrors/advocacy surfaces appear,range expansion,,UNKNOWN,UNKNOWN,,CAPTURED_EXISTING_SERP_NOTE,existing_phrase_capture_not_live_serp,2026-05-21,Current page infobox/lead use 40000-70000 fatalities.
TOP-084,84,exact-phrase-serp-capture,SERP-084,"169,796 Mullivaikkal",Tamil Guardian 2026 and PEARL/ITJP routes appear,https://www.tamilguardian.com/content/pictures-tamil-genocide-remembrance-day-commemorated-mullivaikkal-0,tamil media/community,tamil media/community,Tamil Guardian 2026 and PEARL/ITJP routes appear,unaccounted expansion,,UNKNOWN,UNKNOWN,,CAPTURED_EXISTING_SERP_NOTE,existing_phrase_capture_not_live_serp,2026-05-21,Search result says 169796 unaccounted and presumed dead; category must remain visible.
TOP-085,85,exact-phrase-serp-capture,SERP-085,"Mullivaikkal genocide 40,000",Genocide memorial/advocacy sites and Wikipedia dominate,https://genocideagainsttamils.com/massacres/mullivaikkal-2009/,advocacy seo,advocacy seo,Genocide memorial/advocacy sites and Wikipedia dominate,genocide framing,,UNKNOWN,UNKNOWN,,CAPTURED_EXISTING_SERP_NOTE,existing_phrase_capture_not_live_serp,2026-05-21,Often uses source lists rather than sentence-level footnotes.
TOP-086,86,exact-phrase-serp-capture,SERP-086,Sri Lanka dead and missing need for an accounting,ICG article and republished copies appear,https://www.lankastandard.com/2012/02/sri-lanka-s-dead-and-missing-the-need-for-an-accounting/,ngo/republished analysis,ngo/republished analysis,ICG article and republished copies appear,accounting frame,,UNKNOWN,UNKNOWN,,CAPTURED_EXISTING_SERP_NOTE,existing_phrase_capture_not_live_serp,2026-05-21,Good bridge for DCS lower figures and missing-population questions.
TOP-087,87,exact-phrase-serp-capture,SERP-087,Sri Lanka government publishes war death toll statistics 9000,BBC via ecoi and DCS routes appear,https://www.ecoi.net/en/document/1220635.html,media/official summary,media/official summary,BBC via ecoi and DCS routes appear,lower official route,,UNKNOWN,UNKNOWN,,CAPTURED_EXISTING_SERP_NOTE,existing_phrase_capture_not_live_serp,2026-05-21,Useful for official lower estimate; needs direct DCS PDF for tables.
TOP-088,88,exact-phrase-serp-capture,SERP-088,"Mullivaikkal massacre fatalities 40,000 70,000",Wikipedia/mirrors likely dominate,https://everything.explained.today/Mullivaikkal_massacre/,seo mirror,seo mirror,Wikipedia/mirrors likely dominate,mirror amplification,,UNKNOWN,UNKNOWN,,CAPTURED_EXISTING_SERP_NOTE,existing_phrase_capture_not_live_serp,2026-05-21,Mirror duplicates Wikipedia and creates false plurality.
TOP-089,89,exact-phrase-serp-capture,SERP-089,"UN estimates 40,000 70,000 Tamil civilians killed there",Recent Reddit and social pages repeat range,https://www.reddit.com/r/srilanka/comments/1tgd35u/lets_get_this_straight_if_youre_here_to_troll_or/,social/forum,social/forum,Recent Reddit and social pages repeat range,viral propagation,,UNKNOWN,UNKNOWN,,CAPTURED_EXISTING_SERP_NOTE,existing_phrase_capture_not_live_serp,2026-05-21,Social layer often cites UN for 40-70k range without category precision.
TOP-090,90,exact-phrase-serp-capture,SERP-090,"Paranagama report rejects 40,000 death toll estimate",Tamil Guardian and commission PDFs appear,https://www.tamilguardian.com/content/paranagama-report-rejects-40000-death-toll-estimate-blames-ltte-civilian-deaths,media/counter-report,media/counter-report,Tamil Guardian and commission PDFs appear,lower counterclaim,,UNKNOWN,UNKNOWN,,CAPTURED_EXISTING_SERP_NOTE,existing_phrase_capture_not_live_serp,2026-05-21,"Use Paranagama PDF directly for argument, not only media summary."
TOP-091,91,exact-phrase-serp-capture,SERP-091,"40,000 Mullivaikkal Sri Lanka",Wikimili and WIKI2 style mirrors appear around Wikipedia and memorial routes,https://wikimili.com/en/Mullivaikkal_massacre,seo mirror,seo mirror,Wikimili and WIKI2 style mirrors appear around Wikipedia and memorial routes,mirror amplification,,UNKNOWN,UNKNOWN,,CAPTURED_EXISTING_SERP_NOTE,existing_phrase_capture_not_live_serp,2026-05-21,Useful for mirror-family expansion in round 2.
TOP-092,92,exact-phrase-serp-capture,SERP-092,"169,796 Mullivaikkal",PEARL and Tamil Guardian style routes appear around ITJP language,https://pearlaction.org/tamil-genocide-remembrance-day-2021/,advocacy/community,advocacy/community,PEARL and Tamil Guardian style routes appear around ITJP language,high-number propagation,,UNKNOWN,UNKNOWN,,CAPTURED_EXISTING_SERP_NOTE,existing_phrase_capture_not_live_serp,2026-05-21,Category label must remain visible because many results merge killed and unaccounted.
TOP-093,93,exact-phrase-serp-capture,SERP-093,"\Tamil Genocide Remembrance Day\"" Ontario 146679""",Ontario legislative and debate routes appear with genocide framing and number stacks,https://www.ola.org/en/legislative-business/bills/parliament-42/session-1/bill-104,host-government,host-government,Ontario legislative and debate routes appear with genocide framing and number stacks,political hardening,,UNKNOWN,UNKNOWN,,CAPTURED_EXISTING_SERP_NOTE,existing_phrase_capture_not_live_serp,2026-05-21,Political recognition surfaces can harden disputed numeric bundles.
TOP-094,94,exact-phrase-serp-capture,SERP-094,"Mullivaikkal massacre 40,000","WIKI2, The Diplomat, and memorial pages appear with declarative death wording",https://wiki2.org/en/Mullivaikkal_massacre,mirror/media,mirror/media,"WIKI2, The Diplomat, and memorial pages appear with declarative death wording",mixed authority,,UNKNOWN,UNKNOWN,,CAPTURED_EXISTING_SERP_NOTE,existing_phrase_capture_not_live_serp,2026-05-21,Good query for finding mid-authority compression nodes.
TOP-095,95,exact-phrase-serp-capture,SERP-095,site:reddit.com/r/srilanka Mullivaikkal 40000,Multiple Reddit debate/explainer pages appear and often convert layered estimates into simple certainty,https://www.reddit.com/r/srilanka/comments/1j8wsym/what_is_mullivaikal_massacre/,social/forum,social/forum,Multiple Reddit debate/explainer pages appear and often convert layered estimates into simple certainty,forum diffusion,,UNKNOWN,UNKNOWN,,CAPTURED_EXISTING_SERP_NOTE,existing_phrase_capture_not_live_serp,2026-05-21,Need comment-level capture because some threads partially correct the headline claim.
TOP-096,96,exact-phrase-serp-capture,SERP-096,site:youtube.com Mullivaikkal 40000 Tamil genocide remembrance,Video and documentary routes surface the number via Channel 4 and remembrance clips,https://www.basementfilms.co.uk/work/sri-lankas-killing-fields,video/documentary,video/documentary,Video and documentary routes surface the number via Channel 4 and remembrance clips,documentary authority,,UNKNOWN,UNKNOWN,,CAPTURED_EXISTING_SERP_NOTE,existing_phrase_capture_not_live_serp,2026-05-21,Video surfaces likely matter more as search snippets and embeds than as raw transcripts.
TOP-097,97,exact-phrase-serp-capture,SERP-097,site:change.org Mullivaikkal genocide 40000 Tamil civilians,Petitions and memorial campaigns surface genocide and 40000 language even when not numerically rigorous,https://www.change.org/p/recognize-the-tamil-genocide-and-support-justice-for-the-tamil-people,petition/advocacy,petition/advocacy,Petitions and memorial campaigns surface genocide and 40000 language even when not numerically rigorous,petition amplification,,UNKNOWN,UNKNOWN,,CAPTURED_EXISTING_SERP_NOTE,existing_phrase_capture_not_live_serp,2026-05-21,Useful node family for later crawl even if not all petition pages are top-tier authority.
TOP-098,98,exact-phrase-serp-capture,SERP-098,site:srilankabrief.org Mullivaikkal 70000,Accounting and memorial routes appear and often bridge ICG/Petrie language into activist summaries,https://srilankabrief.org/sri-lankas-dead-and-missing-the-need-for-an-accounting/,republished analysis,republished analysis,Accounting and memorial routes appear and often bridge ICG/Petrie language into activist summaries,accounting to advocacy bridge,,UNKNOWN,UNKNOWN,,CAPTURED_EXISTING_SERP_NOTE,existing_phrase_capture_not_live_serp,2026-05-21,Important for tracking how unaccounted language travels.
TOP-099,99,exact-phrase-serp-capture,SERP-099,site:cipdh.gob.ar Mullivaikkal remembrance day,Institutional memorial pages appear with declarative massacre wording and 40000 estimates,https://www.cipdh.gob.ar/memorias-situadas/en/lugar-de-memoria/mullivaikkal-remembrance-day/,institutional memorial,institutional memorial,Institutional memorial pages appear with declarative massacre wording and 40000 estimates,memorial authority,,UNKNOWN,UNKNOWN,,CAPTURED_EXISTING_SERP_NOTE,existing_phrase_capture_not_live_serp,2026-05-21,Shows movement from media/NGO phrasing into institutional memory platforms.
TOP-100,100,viral-post-claim-sheet,VP-002,local viral Sinhala Facebook post route,Buwanaka Sagindra Perera viral post numeric claim,local:screenshot_and_user_supplied_pdf,local_social_object,facebook/local,The UN says more than 40000 civilians died in Mullivaikkal.,UN Panel / OISL / later NGO-remembrance wording route under audit,40000,YES,YES,84,LOCAL_OBJECT_UNDER_AUDIT,user_supplied_local_object,2026-05-21,Overstated as written if read as literal UN-backed Mullivaikkal-only claim.
