run_id,result_id,query_id,query_text,bucket_id,search_engine_or_source,locale,language,result_page,rank,url,final_url,title,snippet,domain,domain_class,capture_date_utc,raw_serp_json_path,html_path,screenshot_path,archive_status,wayback_cdx_url,commoncrawl_status,review_status,notes
SEO-LIVE-001,R001,Q001,site:theguardian.com Sri Lanka civilian deaths May 2009,B003,web.search_query seed batch,US+LK,en,1,1,https://www.theguardian.com/world/2009/may/10/sri-lanka-tamil-tigers-deaths,https://www.theguardian.com/world/2009/may/10/sri-lanka-tamil-tigers-deaths,'Hundreds dead' on bloodiest day of Sri Lankan battle to destroy Tamil Tigers | Sri Lanka | The Guardian,"A doctor working inside the so-called no-fire zone told the Guardian that at least 378 people had died and 1,212 had been injured in a series of attacks.",theguardian.com,international_media,2026-05-22T07:48:35Z,/Users/rizrazak/.codex/worktrees/7a2a/research/Political/2026/08. Mullivaikkal/04-data/live-crawl-evidence/SEO-LIVE-001/serp-seed-capture.json,/Users/rizrazak/.codex/worktrees/7a2a/research/Political/2026/08. Mullivaikkal/04-data/live-crawl-evidence/SEO-LIVE-001/E001_guardian-2009-05-10.html,,search_crawled_4days_ago,pending,pending,HTML_FETCHED_REVIEW_PENDING,Consecutive Guardian route showing restricted-access civilian-harm reporting.
SEO-LIVE-001,R002,Q001,site:theguardian.com Sri Lanka civilian deaths May 2009,B003,web.search_query seed batch,US+LK,en,1,2,https://www.theguardian.com/world/2009/may/12/sri-lanka-hospital-shelling-tamil-tigers,https://www.theguardian.com/world/2009/may/12/sri-lanka-hospital-shelling-tamil-tigers,"Makeshift Sri Lanka hospital is shelled, taking 47 lives | Sri Lanka | The Guardian",At least 47 people were killed today and more than 50 injured when a shell struck the last hospital inside the so-called no-fire zone.,theguardian.com,international_media,2026-05-22T07:48:35Z,/Users/rizrazak/.codex/worktrees/7a2a/research/Political/2026/08. Mullivaikkal/04-data/live-crawl-evidence/SEO-LIVE-001/serp-seed-capture.json,/Users/rizrazak/.codex/worktrees/7a2a/research/Political/2026/08. Mullivaikkal/04-data/live-crawl-evidence/SEO-LIVE-001/E002_guardian-2009-05-12.html,,search_crawled_last_week,pending,pending,HTML_FETCHED_REVIEW_PENDING,Hospital-shelling context; strong witness/incident route.
SEO-LIVE-001,R003,Q001,site:theguardian.com Sri Lanka civilian deaths May 2009,B003,web.search_query seed batch,US+LK,en,1,3,https://www.theguardian.com/world/2009/may/17/tamil-surrender-sri-lanka,https://www.theguardian.com/world/2009/may/17/tamil-surrender-sri-lanka,Sri Lankan troops mop up Tamil Tigers as leader said to have died in bunker | Sri Lanka | The Guardian,"The UN says 7,000 civilians were killed and 16,700 wounded between 20 January and 7 May.",theguardian.com,international_media,2026-05-22T07:48:35Z,/Users/rizrazak/.codex/worktrees/7a2a/research/Political/2026/08. Mullivaikkal/04-data/live-crawl-evidence/SEO-LIVE-001/serp-seed-capture.json,/Users/rizrazak/.codex/worktrees/7a2a/research/Political/2026/08. Mullivaikkal/04-data/live-crawl-evidence/SEO-LIVE-001/E003_guardian-2009-05-17.html,,search_crawled_4days_ago,pending,pending,HTML_FETCHED_REVIEW_PENDING,Shows how early UN-linked figures circulated before later hardening.
SEO-LIVE-001,R004,Q001,site:theguardian.com Sri Lanka civilian deaths May 2009,B003,web.search_query seed batch,US+LK,en,1,4,https://www.theguardian.com/world/2009/may/18/tamil-tigers-killed-sri-lanka,https://www.theguardian.com/world/2009/may/18/tamil-tigers-killed-sri-lanka,Sri Lanka declares end to war with Tamil Tigers | Sri Lanka | The Guardian,The government today formally declared an end to the 25-year civil war after the army took control of the entire island and killed the leader of the Tamil Tigers.,theguardian.com,international_media,2026-05-22T07:48:35Z,/Users/rizrazak/.codex/worktrees/7a2a/research/Political/2026/08. Mullivaikkal/04-data/live-crawl-evidence/SEO-LIVE-001/serp-seed-capture.json,/Users/rizrazak/.codex/worktrees/7a2a/research/Political/2026/08. Mullivaikkal/04-data/live-crawl-evidence/SEO-LIVE-001/E004_guardian-2009-05-19.html,,search_crawled_2weeks_ago,pending,pending,HTML_FETCHED_REVIEW_PENDING,"Useful to mark the end-of-war reporting context, not the death toll."
SEO-LIVE-001,R005,Q001,site:theguardian.com Sri Lanka civilian deaths May 2009,B003,web.search_query seed batch,US+LK,en,1,5,https://www.theguardian.com/world/2009/may/29/sri-lanka-casualties-united-nations,https://www.theguardian.com/world/2009/may/29/sri-lanka-casualties-united-nations,"Sri Lanka death toll 'unacceptably high', says UN | Sri Lanka | The Guardian","The UN today described the death toll in Sri Lanka as ""unacceptably high"", as an unsubstantiated report suggested 20,000 people had been killed in the final days of fighting.",theguardian.com,international_media,2026-05-22T07:48:35Z,/Users/rizrazak/.codex/worktrees/7a2a/research/Political/2026/08. Mullivaikkal/04-data/live-crawl-evidence/SEO-LIVE-001/serp-seed-capture.json,/Users/rizrazak/.codex/worktrees/7a2a/research/Political/2026/08. Mullivaikkal/04-data/live-crawl-evidence/SEO-LIVE-001/E005_guardian-2009-05-29.html,,search_crawled_2weeks_ago,pending,pending,HTML_FETCHED_REVIEW_PENDING,This is the most useful truth-degradation example in the Guardian batch.
SEO-LIVE-001,R006,Q001,site:theguardian.com Sri Lanka civilian deaths May 2009,B003,web.search_query seed batch,US+LK,en,1,6,https://www.theguardian.com/world/2009/jun/04/sri-lanka-civilians-tigers-battle,https://www.theguardian.com/world/2009/jun/04/sri-lanka-civilians-tigers-battle,"Sri Lanka says up to 5,000 civilians died in Tigers battle | Sri Lanka | The Guardian","A senior Sri Lankan official today estimated the civilian death toll from the last stages of the war as 3,000 to 5,000 and defended the use of mortars.",theguardian.com,international_media,2026-05-22T07:48:35Z,/Users/rizrazak/.codex/worktrees/7a2a/research/Political/2026/08. Mullivaikkal/04-data/live-crawl-evidence/SEO-LIVE-001/serp-seed-capture.json,/Users/rizrazak/.codex/worktrees/7a2a/research/Political/2026/08. Mullivaikkal/04-data/live-crawl-evidence/SEO-LIVE-001/E006_guardian-2009-06-04.html,,search_crawled_5days_ago,pending,pending,HTML_FETCHED_REVIEW_PENDING,"Lower official route useful for counter-route comparison, not neutral ceiling."
SEO-LIVE-001,R007,Q002,site:amnesty.org Mullivaikkal 2024 Sri Lanka,B006,web.search_query seed batch,US+LK,en,1,1,https://www.amnesty.org/en/latest/news/2024/05/sri-lanka-fifteen-years-after-the-end-of-war-victims-still-await-justice-at-mullivaikkal/,https://www.amnesty.org/en/latest/news/2024/05/sri-lanka-fifteen-years-after-the-end-of-war-victims-still-await-justice-at-mullivaikkal/,"Victims still await justice at Mullivaikkal, Sri Lanka","Speaking at a commemoration marking the 15th anniversary of the end of Sri Lanka’s internal armed conflict on 18 May 2009, which culminated in the brutal Mullivaikkal offensive...",amnesty.org,ngo,2026-05-22T07:48:35Z,/Users/rizrazak/.codex/worktrees/7a2a/research/Political/2026/08. Mullivaikkal/04-data/live-crawl-evidence/SEO-LIVE-001/serp-seed-capture.json,/Users/rizrazak/.codex/worktrees/7a2a/research/Political/2026/08. Mullivaikkal/04-data/live-crawl-evidence/SEO-LIVE-001/E007_amnesty-2024-05-18.html,,search_crawled_2_weeks_ago,pending,pending,HTML_FETCHED_REVIEW_PENDING,High-authority location compression surface.
SEO-LIVE-001,R008,Q003,site:ohchr.org OISL Sri Lanka 2015 PDF,B002,web.search_query seed batch,US+LK,en,1,1,https://www.ohchr.org/sites/default/files/documents/hrbodies/hrcouncil/sessions-regular/session30/documents/a-hrc-30-crp-2.pdf,https://www.ohchr.org/sites/default/files/documents/hrbodies/hrcouncil/sessions-regular/session30/documents/a-hrc-30-crp-2.pdf,,"OISL documents patterns of violations and notes sources including victims and LTTE abuses; it is an investigation report, not a fresh casualty total.",ohchr.org,un_ohchr,2026-05-22T07:48:35Z,/Users/rizrazak/.codex/worktrees/7a2a/research/Political/2026/08. Mullivaikkal/04-data/live-crawl-evidence/SEO-LIVE-001/serp-seed-capture.json,/Users/rizrazak/.codex/worktrees/7a2a/research/Political/2026/08. Mullivaikkal/04-data/live-crawl-evidence/SEO-LIVE-001/E008_oisl-2015.pdf,,search_crawled_2_weeks_ago,pending,pending,FETCHED_PDF_REVIEW_PENDING,OISL repaired into incident/accountability source.
SEO-LIVE-001,R009,Q004,"""40,000 deaths in Mullivaikkal alone"" / ""Mullivaikkal massacre"" 40000 70000",B001,web.search_query seed batch,US+LK,en,1,1,https://en.wikipedia.org/wiki/Mullivaikkal_massacre,https://en.wikipedia.org/wiki/Mullivaikkal_massacre,Mullivaikkal massacre - Wikipedia,"The Mullivaikkal massacre was the mass killing of tens of thousands of Sri Lankan Tamils in 2009 ... Fatalities: 40,000 - 70,000 ... According to the UN, between 40,000 and 70,000 entrapped Tamil civilians were killed...",en.wikipedia.org,wikipedia,2026-05-22T07:48:35Z,/Users/rizrazak/.codex/worktrees/7a2a/research/Political/2026/08. Mullivaikkal/04-data/live-crawl-evidence/SEO-LIVE-001/serp-seed-capture.json,/Users/rizrazak/.codex/worktrees/7a2a/research/Political/2026/08. Mullivaikkal/04-data/live-crawl-evidence/SEO-LIVE-001/E009_wikipedia-mullivaikkal-massacre.html,,search_crawled_5_months_ago,pending,pending,FETCHED_HTML_REVIEW_PENDING,High-authority hardening surface with exact-number and range language.
SEO-LIVE-001,R010,Q004,"""40,000 deaths in Mullivaikkal alone"" / ""Mullivaikkal massacre"" 40000 70000",B001,web.search_query seed batch,US+LK,en,1,2,https://en.wikipedia.org/wiki/Tamil_genocide,https://en.wikipedia.org/wiki/Tamil_genocide,Tamil genocide - Wikipedia,"According to the UN, an estimated 40,000 Tamil civilians were killed ... 2009 Jan–May: Tamil civilians killed & unaccounted: 40,000 to 70,000 (UN)",en.wikipedia.org,wikipedia,2026-05-22T07:48:35Z,/Users/rizrazak/.codex/worktrees/7a2a/research/Political/2026/08. Mullivaikkal/04-data/live-crawl-evidence/SEO-LIVE-001/serp-seed-capture.json,/Users/rizrazak/.codex/worktrees/7a2a/research/Political/2026/08. Mullivaikkal/04-data/live-crawl-evidence/SEO-LIVE-001/E010_wikipedia-tamil-genocide.html,,search_crawled_last_month,pending,pending,FETCHED_HTML_REVIEW_PENDING,"Genocide-framing surface merges number, legal language, and memorial memory."
SEO-LIVE-001,R011,Q004,"""40,000 deaths in Mullivaikkal alone"" / ""Mullivaikkal massacre"" 40000 70000",B001,web.search_query seed batch,US+LK,en,1,3,https://dbpedia.org/resource/Mullivaikkal_massacre,https://dbpedia.org/page/Mullivaikkal_massacre,About: Mullivaikkal massacre,DBpedia page mirrors Wikipedia properties including 40000 as an integer.,dbpedia.org,mirror_graph,2026-05-22T07:48:35Z,/Users/rizrazak/.codex/worktrees/7a2a/research/Political/2026/08. Mullivaikkal/04-data/live-crawl-evidence/SEO-LIVE-001/serp-seed-capture.json,/Users/rizrazak/.codex/worktrees/7a2a/research/Political/2026/08. Mullivaikkal/04-data/live-crawl-evidence/SEO-LIVE-001/E011_dbpedia-mullivaikkal-massacre.html,,search_crawled_3_months_ago,pending,pending,FETCHED_HTML_REVIEW_PENDING,Machine-readable mirror route; useful for propagation graph.
SEO-LIVE-001,R012,Q004,"""40,000 deaths in Mullivaikkal alone"" / ""Mullivaikkal massacre"" 40000 70000",B001,web.search_query seed batch,US+LK,en,1,4,https://wiki2.org/en/Mullivaikkal_massacre,https://wiki2.org/en/Mullivaikkal_massacre,Attention Required! | Cloudflare,Mirror request is blocked by Cloudflare at fetch time; search surface still exposed a mirror family route.,wiki2.org,mirror,2026-05-22T07:48:35Z,/Users/rizrazak/.codex/worktrees/7a2a/research/Political/2026/08. Mullivaikkal/04-data/live-crawl-evidence/SEO-LIVE-001/serp-seed-capture.json,/Users/rizrazak/.codex/worktrees/7a2a/research/Political/2026/08. Mullivaikkal/04-data/live-crawl-evidence/SEO-LIVE-001/E012_wiki2-mullivaikkal-massacre.html,,search_crawled_9_months_ago,pending,pending,FETCHED_HTML_BLOCKED_REVIEW_PENDING,"Blocked fetch itself is a weak-link signal, not a source failure."

SEO-LIVE-002,R013,Q005,direct source-route expansion batch,B006,direct_page_fetch,US+LK,en,1,13,https://www.hrw.org/news/2024/05/14/15-years-sri-lankas-conflict-ended-no-justice-war-crimes,https://www.hrw.org/news/2024/05/14/15-years-sri-lankas-conflict-ended-no-justice-war-crimes,"15 Years Since Sri Lanka’s Conflict Ended, No Justice for War Crimes | Human Rights Watch",up to 40000 civilians were killed in the final months,www.hrw.org,ngo,2026-05-22T07:59:45.576Z,/Users/rizrazak/.codex/worktrees/7a2a/research/Political/2026/08. Mullivaikkal/04-data/live-crawl-evidence/SEO-LIVE-002/source-route-batch-002.json,/Users/rizrazak/.codex/worktrees/7a2a/research/Political/2026/08. Mullivaikkal/04-data/live-crawl-evidence/SEO-LIVE-002/E013_hrw-2024-05-14.html,,not_checked,,pending,FETCHED_HTML_REVIEW_PENDING,Cleaner derivative restatement of UN estimate.
SEO-LIVE-002,R014,Q005,direct source-route expansion batch,B006,direct_page_fetch,US+LK,en,1,14,https://www.crisisgroup.org/sites/default/files/191-war-crimes-in-sri-lanka.pdf,https://www.crisisgroup.org/sites/default/files/191-war-crimes-in-sri-lanka.pdf,War crimes in Sri Lanka,tens of thousands killed and war-crimes inquiry needed,www.crisisgroup.org,ngo,2026-05-22T07:59:45.576Z,/Users/rizrazak/.codex/worktrees/7a2a/research/Political/2026/08. Mullivaikkal/04-data/live-crawl-evidence/SEO-LIVE-002/source-route-batch-002.json,/Users/rizrazak/.codex/worktrees/7a2a/research/Political/2026/08. Mullivaikkal/04-data/live-crawl-evidence/SEO-LIVE-002/E014_icg-war-crimes-sri-lanka.pdf,,not_checked,,pending,FETCHED_PDF_BLOCKED_REVIEW_PENDING,Pattern authority more than numeric precision.
SEO-LIVE-002,R015,Q005,direct source-route expansion batch,B005,direct_page_fetch,US+LK,en,1,15,https://www.peace-srilanka.org/images/publications/LLRC-Report-in-Sri-lanka.pdf,https://www.peace-srilanka.org/images/publications/LLRC-Report-in-Sri-lanka.pdf,LLRC final report,records disputed figures and says totals were not verified,www.peace-srilanka.org,state_or_domestic_commission,2026-05-22T07:59:45.576Z,/Users/rizrazak/.codex/worktrees/7a2a/research/Political/2026/08. Mullivaikkal/04-data/live-crawl-evidence/SEO-LIVE-002/source-route-batch-002.json,/Users/rizrazak/.codex/worktrees/7a2a/research/Political/2026/08. Mullivaikkal/04-data/live-crawl-evidence/SEO-LIVE-002/E015_llrc-final-report.pdf,,not_checked,,pending,FETCHED_PDF_REVIEW_PENDING,Counter-route of caution and domestic review.
SEO-LIVE-002,R016,Q005,direct source-route expansion batch,B005,direct_page_fetch,US+LK,en,1,16,https://www.parliament.lk/uploads/documents/paperspresented/report-of-paranagama.pdf,https://www.parliament.lk/uploads/documents/paperspresented/report-of-paranagama.pdf,Paranagama second mandate,rejects higher estimates and cites lower external routes,www.parliament.lk,state_or_domestic_commission,2026-05-22T07:59:45.576Z,/Users/rizrazak/.codex/worktrees/7a2a/research/Political/2026/08. Mullivaikkal/04-data/live-crawl-evidence/SEO-LIVE-002/source-route-batch-002.json,/Users/rizrazak/.codex/worktrees/7a2a/research/Political/2026/08. Mullivaikkal/04-data/live-crawl-evidence/SEO-LIVE-002/E016_paranagama-second-mandate.pdf,,not_checked,,pending,FETCHED_PDF_REVIEW_PENDING,Adversarial lower-count lane.
SEO-LIVE-002,R017,Q005,direct source-route expansion batch,B005,direct_page_fetch,US+LK,en,1,17,https://hansard.parliament.uk/Lords/2017-10-12/debates/14CAA83D-8895-4182-8C4F-D964E0A5B399/SriLanka,https://hansard.parliament.uk/Lords/2017-10-12/debates/14CAA83D-8895-4182-8C4F-D964E0A5B399/SriLanka,Just a moment...,lower-count public argument using leaked dispatch framing,hansard.parliament.uk,host_political_counter,2026-05-22T07:59:45.576Z,/Users/rizrazak/.codex/worktrees/7a2a/research/Political/2026/08. Mullivaikkal/04-data/live-crawl-evidence/SEO-LIVE-002/source-route-batch-002.json,/Users/rizrazak/.codex/worktrees/7a2a/research/Political/2026/08. Mullivaikkal/04-data/live-crawl-evidence/SEO-LIVE-002/E017_lord-naseby-hansard-2017.html,,not_checked,,pending,FETCHED_HTML_BLOCKED_REVIEW_PENDING,Political echo of lower-count critique.
SEO-LIVE-002,R018,Q005,direct source-route expansion batch,B005,direct_page_fetch,US+LK,en,1,18,https://www.statistics.gov.lk/Resource/en/Population/Vital_Statistics/EVE2011_FinalReport.pdf,https://www.statistics.gov.lk/Resource/en/Population/Vital_Statistics/EVE2011_FinalReport.pdf,DCS EVE-2011,8998 deaths / 2635 untraceable in Jan-May 2009 tables,www.statistics.gov.lk,state_statistics,2026-05-22T07:59:45.576Z,/Users/rizrazak/.codex/worktrees/7a2a/research/Political/2026/08. Mullivaikkal/04-data/live-crawl-evidence/SEO-LIVE-002/source-route-batch-002.json,/Users/rizrazak/.codex/worktrees/7a2a/research/Political/2026/08. Mullivaikkal/04-data/live-crawl-evidence/SEO-LIVE-002/E018_dcs-eve-2011.pdf,,not_checked,,pending,FETCHED_PDF_REVIEW_PENDING,Official lower enumeration route.
SEO-LIVE-002,R019,Q005,direct source-route expansion batch,B006,direct_page_fetch,US+LK,en,1,19,https://casebook.icrc.org/case-study/sri-lanka-conflict-vanni,https://casebook.icrc.org/case-study/sri-lanka-conflict-vanni,"Sri Lanka, Conflict in the Vanni | How does law protect in war? - Online casebook",250000 civilians trapped / evacuations and relief obstruction,casebook.icrc.org,humanitarian,2026-05-22T07:59:45.576Z,/Users/rizrazak/.codex/worktrees/7a2a/research/Political/2026/08. Mullivaikkal/04-data/live-crawl-evidence/SEO-LIVE-002/source-route-batch-002.json,/Users/rizrazak/.codex/worktrees/7a2a/research/Political/2026/08. Mullivaikkal/04-data/live-crawl-evidence/SEO-LIVE-002/E019_icrc-vanni-case-study.html,,not_checked,,pending,FETCHED_HTML_REVIEW_PENDING,"Context authority, not a casualty total."
SEO-LIVE-002,R020,Q005,direct source-route expansion batch,B006,direct_page_fetch,US+LK,en,1,20,https://www.hrw.org/report/2008/12/23/besieged-displaced-and-detained/plight-civilians-sri-lankas-vanni-region,https://www.hrw.org/report/2008/12/23/besieged-displaced-and-detained/plight-civilians-sri-lankas-vanni-region,"Besieged, Displaced, and Detained : The Plight of Civilians in Sri Lanka’s Vanni Region | HRW",Identifies trapped Vanni civilians as ethnic Tamil civilians,www.hrw.org,ethnicity_context,2026-05-22T07:59:45.576Z,/Users/rizrazak/.codex/worktrees/7a2a/research/Political/2026/08. Mullivaikkal/04-data/live-crawl-evidence/SEO-LIVE-002/source-route-batch-002.json,/Users/rizrazak/.codex/worktrees/7a2a/research/Political/2026/08. Mullivaikkal/04-data/live-crawl-evidence/SEO-LIVE-002/E020_hrw-besieged-displaced-detained.html,,not_checked,,pending,FETCHED_HTML_REVIEW_PENDING,Identifies trapped Vanni civilians as ethnic Tamil civilians.
SEO-LIVE-002,R021,Q005,direct source-route expansion batch,B006,direct_page_fetch,US+LK,en,1,21,https://www.hrw.org/report/2009/02/19/war-displaced/sri-lankan-army-and-ltte-abuses-against-civilians-vanni,https://www.hrw.org/report/2009/02/19/war-displaced/sri-lankan-army-and-ltte-abuses-against-civilians-vanni,War on the Displaced: Sri Lankan Army and LTTE Abuses against Civilians in the Vanni | HRW,"Context for Tamil civilian entrapment, LTTE restrictions, alleged shelling, and laws-of-war risks",www.hrw.org,conduct_context,2026-05-22T07:59:45.576Z,/Users/rizrazak/.codex/worktrees/7a2a/research/Political/2026/08. Mullivaikkal/04-data/live-crawl-evidence/SEO-LIVE-002/source-route-batch-002.json,/Users/rizrazak/.codex/worktrees/7a2a/research/Political/2026/08. Mullivaikkal/04-data/live-crawl-evidence/SEO-LIVE-002/E021_hrw-war-on-the-displaced.html,,not_checked,,pending,FETCHED_HTML_REVIEW_PENDING,Context for conduct and civilian risk.
SEO-LIVE-002,R022,Q005,direct source-route expansion batch,B006,direct_page_fetch,US+LK,en,1,22,https://www.amnesty.org/en/latest/press-release/2009/03/sri-lanka-thousands-civilians-under-attack-fighting-intensifies-2009032-0/,https://www.amnesty.org/en/latest/press-release/2009/03/sri-lanka-thousands-civilians-under-attack-fighting-intensifies-2009032-0/,Sri Lanka: Thousands of civilians under attack as fighting intensifies - Amnesty International,"Contemporary warning on trapped civilians, LTTE hostage/buffer allegations, and war-crime framing for deliberate attacks on civilians",www.amnesty.org,conduct_context,2026-05-22T07:59:45.576Z,/Users/rizrazak/.codex/worktrees/7a2a/research/Political/2026/08. Mullivaikkal/04-data/live-crawl-evidence/SEO-LIVE-002/source-route-batch-002.json,/Users/rizrazak/.codex/worktrees/7a2a/research/Political/2026/08. Mullivaikkal/04-data/live-crawl-evidence/SEO-LIVE-002/E022_amnesty-civilians-under-attack-2009.html,,not_checked,,pending,FETCHED_HTML_BLOCKED_REVIEW_PENDING,Contemporary warning on trapped civilians.
SEO-LIVE-002,R023,Q005,direct source-route expansion batch,B006,direct_page_fetch,US+LK,en,1,23,https://itjpsl.com/assets/ITJP_death_toll_A4_v6.pdf,https://itjpsl.com/assets/ITJP_death_toll_A4_v6.pdf,ITJP death toll brief,169796 killed or unaccounted route,itjpsl.com,advocacy_data,2026-05-22T07:59:45.576Z,/Users/rizrazak/.codex/worktrees/7a2a/research/Political/2026/08. Mullivaikkal/04-data/live-crawl-evidence/SEO-LIVE-002/source-route-batch-002.json,/Users/rizrazak/.codex/worktrees/7a2a/research/Political/2026/08. Mullivaikkal/04-data/live-crawl-evidence/SEO-LIVE-002/E023_itjp-death-toll-brief.pdf,,not_checked,,pending,FETCHED_PDF_REVIEW_PENDING,High-number model route with strong propagation potential.
SEO-LIVE-002,R024,Q005,direct source-route expansion batch,B004,direct_page_fetch,US+LK,en,1,24,https://projects.propublica.org/nonprofits/organizations/263697312,https://projects.propublica.org/nonprofits/organizations/263697312,People For Equality And Relief In Lanka Inc Pearl - Nonprofit Explorer - ProPublica,2023 revenue 107122 expenses 179739,projects.propublica.org,funding,2026-05-22T07:59:45.576Z,/Users/rizrazak/.codex/worktrees/7a2a/research/Political/2026/08. Mullivaikkal/04-data/live-crawl-evidence/SEO-LIVE-002/source-route-batch-002.json,/Users/rizrazak/.codex/worktrees/7a2a/research/Political/2026/08. Mullivaikkal/04-data/live-crawl-evidence/SEO-LIVE-002/E024_pearl-irs-990.html,,not_checked,,pending,FETCHED_HTML_REVIEW_PENDING,Shows organizational/financial capacity; not message causation.
SEO-LIVE-002,R025,Q005,direct source-route expansion batch,B007,direct_page_fetch,US+LK,en,1,25,https://www.ola.org/en/legislative-business/bills/parliament-42/session-1/bill-104,https://www.ola.org/en/legislative-business/bills/parliament-42/session-1/bill-104,Ontario Bill 104,UN estimates 40000-75000 in May 2009 and other estimates 146679,www.ola.org,host_government,2026-05-22T07:59:45.576Z,/Users/rizrazak/.codex/worktrees/7a2a/research/Political/2026/08. Mullivaikkal/04-data/live-crawl-evidence/SEO-LIVE-002/source-route-batch-002.json,,,not_checked,,pending,FETCH_FAILED_REVIEW_PENDING,Legislative hardening route with public-education reach.
SEO-LIVE-002,R026,Q005,direct source-route expansion batch,B007,direct_page_fetch,US+LK,en,1,26,https://www.parliament.scot/chamber-and-committees/votes-and-motions/S6M-19300,https://www.parliament.scot/chamber-and-committees/votes-and-motions/S6M-19300,S6M-19300 | Scottish Parliament Website,"estimated 70000 to 146000 Tamil civilians, as documented by the UN and international human rights organisations",www.parliament.scot,host_government,2026-05-22T07:59:45.576Z,/Users/rizrazak/.codex/worktrees/7a2a/research/Political/2026/08. Mullivaikkal/04-data/live-crawl-evidence/SEO-LIVE-002/source-route-batch-002.json,/Users/rizrazak/.codex/worktrees/7a2a/research/Political/2026/08. Mullivaikkal/04-data/live-crawl-evidence/SEO-LIVE-002/E026_scottish-motion-s6m-19300.html,,not_checked,,pending,FETCHED_HTML_BLOCKED_REVIEW_PENDING,Very strong political hardening and authority inflation node.
SEO-LIVE-002,R027,Q005,direct source-route expansion batch,B002,direct_page_fetch,US+LK,en,1,27,https://www.ohchr.org/sites/default/files/documents/hrbodies/hrcouncil/sri-lanka/report-accountability-enforced-disappearances-sri-lanka-may2024-en.pdf,https://www.ohchr.org/sites/default/files/documents/hrbodies/hrcouncil/sri-lanka/report-accountability-enforced-disappearances-sri-lanka-may2024-en.pdf,OHCHR 2024 enforced disappearances report,Strong for enforced-disappearances/accountability context; not a Mullivaikkal casualty-number source,www.ohchr.org,disappearance_accountability,2026-05-22T07:59:45.576Z,/Users/rizrazak/.codex/worktrees/7a2a/research/Political/2026/08. Mullivaikkal/04-data/live-crawl-evidence/SEO-LIVE-002/source-route-batch-002.json,/Users/rizrazak/.codex/worktrees/7a2a/research/Political/2026/08. Mullivaikkal/04-data/live-crawl-evidence/SEO-LIVE-002/E027_ohchr-enforced-disappearances-2024.pdf,,not_checked,,pending,FETCHED_PDF_REVIEW_PENDING,"Strong for accountability, not casualty number."

SEO-LIVE-003,R028,Q006,direct source-route expansion batch 3,B004,direct_page_fetch,US+LK,en,1,28,https://pearlaction.org/genocide-legal-briefing/,https://pearlaction.org/genocide-legal-briefing/,Justice for Genocide &#8211; People for Equality and Relief in Lanka,reasonable grounds to believe genocide,pearlaction.org,diaspora_advocacy,2026-05-22T08:15:58.928Z,/Users/rizrazak/.codex/worktrees/7a2a/research/Political/2026/08. Mullivaikkal/04-data/live-crawl-evidence/SEO-LIVE-003/source-route-batch-003.json,/Users/rizrazak/.codex/worktrees/7a2a/research/Political/2026/08. Mullivaikkal/04-data/live-crawl-evidence/SEO-LIVE-003/E028_pearl-genocide-legal-brief.html,,not_checked,,pending,FETCHED_HTML_BLOCKED_REVIEW_PENDING,Legal advocacy argument; not a tribunal finding.
SEO-LIVE-003,R029,Q006,direct source-route expansion batch 3,B004,direct_page_fetch,US+LK,en,1,29,https://genocideagainsttamils.com/massacres/mullivaikkal-2009/,https://genocideagainsttamils.com/massacres/mullivaikkal-2009/,Mullivaikkal Massacre | Genocide Against Tamils,UN Panel up to 40000 alongside 70000 style framing,genocideagainsttamils.com,seo_memorial,2026-05-22T08:15:58.928Z,/Users/rizrazak/.codex/worktrees/7a2a/research/Political/2026/08. Mullivaikkal/04-data/live-crawl-evidence/SEO-LIVE-003/source-route-batch-003.json,/Users/rizrazak/.codex/worktrees/7a2a/research/Political/2026/08. Mullivaikkal/04-data/live-crawl-evidence/SEO-LIVE-003/E029_genocide-against-tamils-mullivaikkal.html,,not_checked,,pending,FETCHED_HTML_REVIEW_PENDING,Memorial SEO taxonomy node.
SEO-LIVE-003,R030,Q006,direct source-route expansion batch 3,B004,direct_page_fetch,US+LK,en,1,30,https://tamilconferences.org/consensus/declaration-of-common-principles-of-tamils/,https://tamilconferences.org/consensus/declaration-of-common-principles-of-tamils/,DECLARATION OF COMMON PRINCIPLES OF TAMILS &#8211; Tamil Conferences,UN 40000 plus 70000 and 146679,tamilconferences.org,movement_consensus,2026-05-22T08:15:58.928Z,/Users/rizrazak/.codex/worktrees/7a2a/research/Political/2026/08. Mullivaikkal/04-data/live-crawl-evidence/SEO-LIVE-003/source-route-batch-003.json,/Users/rizrazak/.codex/worktrees/7a2a/research/Political/2026/08. Mullivaikkal/04-data/live-crawl-evidence/SEO-LIVE-003/E030_tamil-conferences-declaration.html,,not_checked,,pending,FETCHED_HTML_BLOCKED_REVIEW_PENDING,"Political consensus document, not neutral audit."
SEO-LIVE-003,R031,Q006,direct source-route expansion batch 3,B004,direct_page_fetch,US+LK,en,1,31,https://www.tamilguardian.com/content/pictures-tamil-genocide-remembrance-day-commemorated-mullivaikkal-0,https://www.tamilguardian.com/content/pictures-tamil-genocide-remembrance-day-commemorated-mullivaikkal-0,In Pictures - Tamil Genocide Remembrance Day commemorated in Mullivaikkal | Tamil Guardian,169796 unaccounted and presumed dead,www.tamilguardian.com,tamil_media_community,2026-05-22T08:15:58.928Z,/Users/rizrazak/.codex/worktrees/7a2a/research/Political/2026/08. Mullivaikkal/04-data/live-crawl-evidence/SEO-LIVE-003/source-route-batch-003.json,/Users/rizrazak/.codex/worktrees/7a2a/research/Political/2026/08. Mullivaikkal/04-data/live-crawl-evidence/SEO-LIVE-003/E031_tamil-guardian-remembrance-2026.html,,not_checked,,pending,FETCHED_HTML_REVIEW_PENDING,Community-media amplification of higher number.
SEO-LIVE-003,R032,Q006,direct source-route expansion batch 3,B005,direct_page_fetch,US+LK,en,1,32,https://groundviews.org/2014/04/10/generating-calamity-2008-2014-an-overview-of-tamil-nationalist-operations-and-their-marvels/,https://groundviews.org/2014/04/10/generating-calamity-2008-2014-an-overview-of-tamil-nationalist-operations-and-their-marvels/,"Generating Calamity, 2008-2014: An Overview of Tamil Nationalist Operations and Their Marvels - Groundviews",40k turned into definitive figure,groundviews.org,counter_narrative,2026-05-22T08:15:58.928Z,/Users/rizrazak/.codex/worktrees/7a2a/research/Political/2026/08. Mullivaikkal/04-data/live-crawl-evidence/SEO-LIVE-003/source-route-batch-003.json,/Users/rizrazak/.codex/worktrees/7a2a/research/Political/2026/08. Mullivaikkal/04-data/live-crawl-evidence/SEO-LIVE-003/E032_groundviews-counter-lane-2014.html,,not_checked,,pending,FETCHED_HTML_REVIEW_PENDING,Useful but polemical adversarial node.
SEO-LIVE-003,R033,Q006,direct source-route expansion batch 3,B005,direct_page_fetch,US+LK,en,1,33,https://groundviews.org/2026/05/18/seventeen-years-after-mullivaikkal-reconsidering-justice-and-political-strategy/,https://groundviews.org/2026/05/18/seventeen-years-after-mullivaikkal-reconsidering-justice-and-political-strategy/,Seventeen Years After Mullivaikkal: Reconsidering Justice and Political Strategy - Groundviews,remembrance remains necessary but diaspora guarantees and externalism are criticized,groundviews.org,independent_commentary,2026-05-22T08:15:58.928Z,/Users/rizrazak/.codex/worktrees/7a2a/research/Political/2026/08. Mullivaikkal/04-data/live-crawl-evidence/SEO-LIVE-003/source-route-batch-003.json,/Users/rizrazak/.codex/worktrees/7a2a/research/Political/2026/08. Mullivaikkal/04-data/live-crawl-evidence/SEO-LIVE-003/E033_groundviews-reflection-2026.html,,not_checked,,pending,FETCHED_HTML_REVIEW_PENDING,Useful for current debate framing and caution against overreliance on outside narratives.
SEO-LIVE-003,R034,Q006,direct source-route expansion batch 3,B004,direct_page_fetch,US+LK,en,1,34,https://www.globaltamilforum.org/about-us.aspx,https://www.globaltamilforum.org/about-us.aspx,Global Tamil Forum,non-violent international advocacy organization,www.globaltamilforum.org,diaspora_advocacy,2026-05-22T08:15:58.928Z,/Users/rizrazak/.codex/worktrees/7a2a/research/Political/2026/08. Mullivaikkal/04-data/live-crawl-evidence/SEO-LIVE-003/source-route-batch-003.json,/Users/rizrazak/.codex/worktrees/7a2a/research/Political/2026/08. Mullivaikkal/04-data/live-crawl-evidence/SEO-LIVE-003/E034_global-tamil-forum-about.html,,not_checked,,pending,FETCHED_HTML_REVIEW_PENDING,Organizational presence in the advocacy ecosystem.
SEO-LIVE-003,R035,Q006,direct source-route expansion batch 3,B004,direct_page_fetch,US+LK,en,1,35,https://find-and-update.company-information.service.gov.uk/company/11829919,https://find-and-update.company-information.service.gov.uk/company/11829919,BTF TAMILS FORUM UK LIMITED overview - Find and update company information - GOV.UK,active UK membership organisation route,find-and-update.company-information.service.gov.uk,funding,2026-05-22T08:15:58.928Z,/Users/rizrazak/.codex/worktrees/7a2a/research/Political/2026/08. Mullivaikkal/04-data/live-crawl-evidence/SEO-LIVE-003/source-route-batch-003.json,/Users/rizrazak/.codex/worktrees/7a2a/research/Political/2026/08. Mullivaikkal/04-data/live-crawl-evidence/SEO-LIVE-003/E035_btf-company-route.html,,not_checked,,pending,FETCHED_HTML_REVIEW_PENDING,"Corporate existence, not causal proof."
SEO-LIVE-003,R036,Q006,direct source-route expansion batch 3,B004,direct_page_fetch,US+LK,en,1,36,https://www.canadacompanyregistry.com/companies/transnational-government-of-tamil-eelam-inc/,https://www.canadacompanyregistry.com/companies/transnational-government-of-tamil-eelam-inc/,Just a moment...,active non-soliciting Canada corporation,www.canadacompanyregistry.com,funding,2026-05-22T08:15:58.928Z,/Users/rizrazak/.codex/worktrees/7a2a/research/Political/2026/08. Mullivaikkal/04-data/live-crawl-evidence/SEO-LIVE-003/source-route-batch-003.json,/Users/rizrazak/.codex/worktrees/7a2a/research/Political/2026/08. Mullivaikkal/04-data/live-crawl-evidence/SEO-LIVE-003/E036_tgte-canada-corporation.html,,not_checked,,pending,FETCHED_HTML_BLOCKED_REVIEW_PENDING,Political diaspora organization route.
SEO-LIVE-003,R037,Q006,direct source-route expansion batch 3,B005,direct_page_fetch,US+LK,en,1,37,https://srilankabrief.org/sri-lankas-dead-and-missing-the-need-for-an-accounting/,https://srilankabrief.org/sri-lankas-dead-and-missing-the-need-for-an-accounting/,Sri Lanka’s dead and missing: the need for an accounting &#8226; Sri Lanka Brief,70000 people unaccounted for,srilankabrief.org,republished_ngo_media,2026-05-22T08:15:58.928Z,/Users/rizrazak/.codex/worktrees/7a2a/research/Political/2026/08. Mullivaikkal/04-data/live-crawl-evidence/SEO-LIVE-003/source-route-batch-003.json,/Users/rizrazak/.codex/worktrees/7a2a/research/Political/2026/08. Mullivaikkal/04-data/live-crawl-evidence/SEO-LIVE-003/E037_sri-lanka-brief-dead-missing.html,,not_checked,,pending,FETCHED_HTML_BLOCKED_REVIEW_PENDING,Accounting-oriented but often read as a death-count lane.
SEO-LIVE-003,R038,Q006,direct source-route expansion batch 3,B003,direct_page_fetch,US+LK,en,1,38,https://thediplomat.com/2020/05/sri-lankas-war-victims-still-await-justice/,https://thediplomat.com/2020/05/sri-lankas-war-victims-still-await-justice/,Page not found &#8211; The Diplomat,up to 40000 civilians may have been killed in the last stages of the war,thediplomat.com,international_media,2026-05-22T08:15:58.928Z,/Users/rizrazak/.codex/worktrees/7a2a/research/Political/2026/08. Mullivaikkal/04-data/live-crawl-evidence/SEO-LIVE-003/source-route-batch-003.json,/Users/rizrazak/.codex/worktrees/7a2a/research/Political/2026/08. Mullivaikkal/04-data/live-crawl-evidence/SEO-LIVE-003/E038_the-diplomat-2020-remembrance.html,,not_checked,,pending,FETCHED_HTML_BLOCKED_REVIEW_PENDING,High-authority international commentary surface.
SEO-LIVE-003,R039,Q006,direct source-route expansion batch 3,B003,direct_page_fetch,US+LK,en,1,39,https://www.cipdh.gob.ar/memorias-situadas/en/lugar-de-memoria/mullivaikkal-remembrance-day/,https://www.cipdh.gob.ar/memorias-situadas/en/lugar-de-memoria/mullivaikkal-remembrance-day/,CIPDH Mullivaikkal remembrance page,an estimated 40000 Tamil civilians were massacred in the final stages of the war,www.cipdh.gob.ar,international_memorial_institution,2026-05-22T08:15:58.928Z,/Users/rizrazak/.codex/worktrees/7a2a/research/Political/2026/08. Mullivaikkal/04-data/live-crawl-evidence/SEO-LIVE-003/source-route-batch-003.json,,,not_checked,,pending,FETCH_FAILED_REVIEW_PENDING,Institutional memorial authority turns estimate into declarative prose.
SEO-LIVE-003,R040,Q006,direct source-route expansion batch 3,B004,direct_page_fetch,US+LK,en,1,40,https://pearlaction.org/tamil-genocide-remembrance-day-2021/,https://pearlaction.org/tamil-genocide-remembrance-day-2021/,Page not found &#8211; People for Equality and Relief in Lanka,UN estimated 40000 civilians killed and others estimate 146679 unaccounted for,pearlaction.org,diaspora_advocacy,2026-05-22T08:15:58.928Z,/Users/rizrazak/.codex/worktrees/7a2a/research/Political/2026/08. Mullivaikkal/04-data/live-crawl-evidence/SEO-LIVE-003/source-route-batch-003.json,/Users/rizrazak/.codex/worktrees/7a2a/research/Political/2026/08. Mullivaikkal/04-data/live-crawl-evidence/SEO-LIVE-003/E040_pearl-2021-remembrance.html,,not_checked,,pending,FETCHED_HTML_BLOCKED_REVIEW_PENDING,Combines authoritative upper estimate with higher unaccounted route.
SEO-LIVE-003,R041,Q006,direct source-route expansion batch 3,B004,direct_page_fetch,US+LK,en,1,41,https://pearlaction.org/wp-content/uploads/2024/09/Justice-for-Genocide-Sri-Lankas-Responsibility-for-Genocide-Against-the-Tamil-People-in-2009.pdf,https://pearlaction.org/wp-content/uploads/2024/09/Justice-for-Genocide-Sri-Lankas-Responsibility-for-Genocide-Against-the-Tamil-People-in-2009.pdf,PEARL 2024 justice-for-genocide summary,as many as 40000 Tamils killed and up to 169796 unaccounted for,pearlaction.org,diaspora_advocacy,2026-05-22T08:15:58.928Z,/Users/rizrazak/.codex/worktrees/7a2a/research/Political/2026/08. Mullivaikkal/04-data/live-crawl-evidence/SEO-LIVE-003/source-route-batch-003.json,/Users/rizrazak/.codex/worktrees/7a2a/research/Political/2026/08. Mullivaikkal/04-data/live-crawl-evidence/SEO-LIVE-003/E041_pearl-2024-justice-for-genocide.pdf,,not_checked,,pending,FETCHED_PDF_REVIEW_PENDING,Major legal-advocacy synthesis node.
SEO-LIVE-003,R042,Q006,direct source-route expansion batch 3,B003,direct_page_fetch,US+LK,en,1,42,https://www.basementfilms.co.uk/work/sri-lankas-killing-fields,https://www.basementfilms.co.uk/work/sri-lankas-killing-fields,Sri Lanka&#39;s Killing Fields &mdash; Basement Films,allegations that up to 40000 civilians died in the final weeks,www.basementfilms.co.uk,documentary_media,2026-05-22T08:15:58.928Z,/Users/rizrazak/.codex/worktrees/7a2a/research/Political/2026/08. Mullivaikkal/04-data/live-crawl-evidence/SEO-LIVE-003/source-route-batch-003.json,/Users/rizrazak/.codex/worktrees/7a2a/research/Political/2026/08. Mullivaikkal/04-data/live-crawl-evidence/SEO-LIVE-003/E042_basement-films-killing-fields.html,,not_checked,,pending,FETCHED_HTML_REVIEW_PENDING,Documentary authority node that later feeds compression.
SEO-LIVE-003,R043,Q006,direct source-route expansion batch 3,B004,direct_page_fetch,US+LK,en,1,43,https://sangam.org/amnesty-fifteen-years-after-the-end-of-war-victims-still-await-justice-at-mullivaikkal/,https://sangam.org/amnesty-fifteen-years-after-the-end-of-war-victims-still-await-justice-at-mullivaikkal/,"Amnesty: Fifteen Years After the End of War, Victims Still Await Justice at Mullivaikkal &#8211; Ilankai Tamil Sangam",killing at least 40000 civilians according to UN estimates,sangam.org,diaspora_archive,2026-05-22T08:15:58.928Z,/Users/rizrazak/.codex/worktrees/7a2a/research/Political/2026/08. Mullivaikkal/04-data/live-crawl-evidence/SEO-LIVE-003/source-route-batch-003.json,/Users/rizrazak/.codex/worktrees/7a2a/research/Political/2026/08. Mullivaikkal/04-data/live-crawl-evidence/SEO-LIVE-003/E043_ilankai-tamil-sangam-amnesty-repost.html,,not_checked,,pending,FETCHED_HTML_REVIEW_PENDING,Repost/archival amplification of Amnesty wording.
