url_id,url,final_url,canonical_url,domain,normalized_domain,title,http_status,content_type,content_hash,claim_text_fingerprint,copied_title_family,wikipedia_mirror_family,observed_claim_text,number_used,geography,time_window,category,source_cited_or_stack,final_source_id,supports_exact_claim,hardens_un_claim,collapses_category,evidence_status,weak_link_reason,review_confidence,what_cannot_be_inferred,notes
E001,https://www.theguardian.com/world/2009/may/10/sri-lanka-tamil-tigers-deaths,https://www.theguardian.com/world/2009/may/10/sri-lanka-tamil-tigers-deaths,https://www.theguardian.com/world/2009/may/10/sri-lanka-tamil-tigers-deaths,www.theguardian.com,theguardian.com,'Hundreds dead' on bloodiest day of Sri Lankan battle to destroy Tamil Tigers | Sri Lanka | The Guardian,200,text/html; charset=UTF-8,736ecf068f0c3d0a2e9a5675036ed7dd2f2bdbbb689a78f23f353daefb5ec14c,fp-E001,none,no,"At least 378 people died and 1,212 injured in the no-fire-zone attack.","378 / 1,212","no-fire zone, north Sri Lanka",2009-05-09 to 2009-05-10,civilian_harm_report,doctor / UN / Guardian,MUL-S033,NO,NO,MIXED,FETCHED_HTML,"Reports incident context and casualties under restriction, not the final `40,000` sentence.",MEDIUM,The page does not verify the full final-phase death toll or Mullivaikkal-only geography.,Consecutive Guardian route showing restricted-access civilian-harm reporting.
E002,https://www.theguardian.com/world/2009/may/12/sri-lanka-hospital-shelling-tamil-tigers,https://www.theguardian.com/world/2009/may/12/sri-lanka-hospital-shelling-tamil-tigers,https://www.theguardian.com/world/2009/may/12/sri-lanka-hospital-shelling-tamil-tigers,www.theguardian.com,theguardian.com,"Makeshift Sri Lanka hospital is shelled, taking 47 lives | Sri Lanka | The Guardian",200,text/html; charset=UTF-8,26286356764af21c417381fe7bfec3476031932ba0cded65f917c5e60df3fb25,fp-E002,none,no,At least 47 killed and more than 50 injured at the hospital shelling.,47 / 50+,"no-fire zone hospital, north-eastern Sri Lanka",2009-05-12,incident_context,hospital staff / Guardian,MUL-S034,NO,NO,MIXED,FETCHED_HTML,"Witness-route reporting, not an audited casualty total.",MEDIUM,"Not proof of the later `40,000` or `40,000 in Mullivaikkal alone` phrasing.",Hospital-shelling context; strong witness/incident route.
E003,https://www.theguardian.com/world/2009/may/17/tamil-surrender-sri-lanka,https://www.theguardian.com/world/2009/may/17/tamil-surrender-sri-lanka,https://www.theguardian.com/world/2009/may/17/tamil-surrender-sri-lanka,www.theguardian.com,theguardian.com,Sri Lankan troops mop up Tamil Tigers as leader said to have died in bunker | Sri Lanka | The Guardian,200,text/html; charset=UTF-8,691c5b06bc87f364812625815b9d54c1b3a34a5659b7eb6bb0d70ac90f58e5fd,fp-E003,none,no,"UN says 7,000 civilians killed and 16,700 wounded between 20 Jan and 7 May.","7,000 / 16,700",final assault / no-fire zone context,2009-01-20 to 2009-05-07,restricted_window_civilian_harm,UN / Guardian,MUL-S035,NO,NO,MIXED,FETCHED_HTML,"Temporal window and casualty categories do not equal the later `40,000` claim.",MEDIUM,This does not prove the later full-final-phase estimate or location compression.,Shows how early UN-linked figures circulated before later hardening.
E004,https://www.theguardian.com/world/2009/may/18/tamil-tigers-killed-sri-lanka,https://www.theguardian.com/world/2009/may/18/tamil-tigers-killed-sri-lanka,https://www.theguardian.com/world/2009/may/18/tamil-tigers-killed-sri-lanka,www.theguardian.com,theguardian.com,Sri Lanka declares end to war with Tamil Tigers | Sri Lanka | The Guardian,200,text/html; charset=UTF-8,4bf6811c9fcf05d05fada250d14e40adfe558a9c1277c5077e90dd3f753580a9,fp-E004,none,no,Sri Lanka formally declared the end of the civil war.,n/a,nationwide conflict end-stage,2009-05-18 to 2009-05-19,conflict_end_context,government declaration / Guardian,MUL-S036,NO,NO,NO,FETCHED_HTML,Political end-of-war reporting is not casualty methodology.,HIGH,Cannot infer audited deaths from victory-end reporting.,"Useful to mark the end-of-war reporting context, not the death toll."
E005,https://www.theguardian.com/world/2009/may/29/sri-lanka-casualties-united-nations,https://www.theguardian.com/world/2009/may/29/sri-lanka-casualties-united-nations,https://www.theguardian.com/world/2009/may/29/sri-lanka-casualties-united-nations,www.theguardian.com,theguardian.com,"Sri Lanka death toll 'unacceptably high', says UN | Sri Lanka | The Guardian",200,text/html; charset=UTF-8,d8b758a3b23739268d04f7193d7efcbe3c951c3da9579dcc84dd331a0623d997,fp-E005,none,no,"UN described the Sri Lanka death toll as unacceptably high; a 20,000 claim was reported and disputed.","20,000",final days of fighting,2009-05-29,reporting_on_claims,UN / Guardian,MUL-S037,NO,NO,MIXED,FETCHED_HTML,"Reports a disputed newspaper claim and UN concern, not a verified final toll.",HIGH,No exact casualty ceiling and no Mullivaikkal-only conclusion.,This is the most useful truth-degradation example in the Guardian batch.
E006,https://www.theguardian.com/world/2009/jun/04/sri-lanka-civilians-tigers-battle,https://www.theguardian.com/world/2009/jun/04/sri-lanka-civilians-tigers-battle,https://www.theguardian.com/world/2009/jun/04/sri-lanka-civilians-tigers-battle,www.theguardian.com,theguardian.com,"Sri Lanka says up to 5,000 civilians died in Tigers battle | Sri Lanka | The Guardian",200,text/html; charset=UTF-8,ece8e0a0f0b9061f3c913f7469ba05090e5b4e5de7388d8ef42871a0a995ed7c,fp-E006,none,no,"A senior official estimated 3,000 to 5,000 civilian deaths in the last stages.","3,000 to 5,000",last stages of the war,2009-06-04,counter_route_lower_estimate,official interview / Guardian,MUL-S038,NO,NO,MIXED,FETCHED_HTML,Counter-route estimate is not an audited battlefield ceiling.,HIGH,Cannot use as proof that the higher UN-linked route is false or complete.,"Lower official route useful for counter-route comparison, not neutral ceiling."
E007,https://www.amnesty.org/en/latest/news/2024/05/sri-lanka-fifteen-years-after-the-end-of-war-victims-still-await-justice-at-mullivaikkal/,https://www.amnesty.org/en/latest/news/2024/05/sri-lanka-fifteen-years-after-the-end-of-war-victims-still-await-justice-at-mullivaikkal/,https://www.amnesty.org/en/latest/news/2024/05/sri-lanka-fifteen-years-after-the-end-of-war-victims-still-await-justice-at-mullivaikkal/,www.amnesty.org,amnesty.org,"Victims still await justice at Mullivaikkal, Sri Lanka",200,text/html; charset=UTF-8,937ce634841ef5150c5ccccdc3b9d2fd82be9c4c6272c2a99938eca245c5569b,fp-E007,none,no,A commemoration page ties Mullivaikkal remembrance to justice language and the end of war.,n/a,Mullivaikkal / 2009 end of war,2024-05-18 / 2009 context,location_compression,Amnesty / OHCHR linked context,MUL-S006,NO,YES,MIXED,FETCHED_HTML,This page is not itself a new casualty method; it compresses remembrance and source routes.,HIGH,Cannot infer a fresh casualty-total report from this page.,High-authority location compression surface.
E008,https://www.ohchr.org/sites/default/files/documents/hrbodies/hrcouncil/sessions-regular/session30/documents/a-hrc-30-crp-2.pdf,https://www.ohchr.org/sites/default/files/documents/hrbodies/hrcouncil/sessions-regular/session30/documents/a-hrc-30-crp-2.pdf,https://www.ohchr.org/sites/default/files/documents/hrbodies/hrcouncil/sessions-regular/session30/documents/a-hrc-30-crp-2.pdf,www.ohchr.org,ohchr.org,,200,application/pdf,e9845e3e6e7f916f4d6a9994002b91003a3b78106edc89a530f1c9f45a26a91e,fp-E008,none,no,OISL documents patterns of violations and accountability concerns.,n/a,Sri Lanka final phase,2015 report on 2009 conflict,incident_accountability,OHCHR/OISL,MUL-S004,NO,NO,NO,FETCHED_PDF,OISL is not a casualty-count source.,HIGH,"Cannot infer `40,000` or Mullivaikkal-only death toll from OISL.",OISL repaired into incident/accountability source.
E009,https://en.wikipedia.org/wiki/Mullivaikkal_massacre,https://en.wikipedia.org/wiki/Mullivaikkal_massacre,https://en.wikipedia.org/wiki/Mullivaikkal_massacre,en.wikipedia.org,en.wikipedia.org,Mullivaikkal massacre - Wikipedia,200,text/html; charset=UTF-8,b71e522169dc1801df3803118b5f1fc3b2c0f71b393f5592f49f6b9d5bd23ea8,fp-E009,wikipedia-mirror-family,yes,"Mullivaikkal massacre page states fatalities 40,000-70,000 and ties the claim to UN language.","40,000 - 70,000",Mullivaikkal / Vanni,2009 final months,range_expansion,Wikipedia source stack,SEO-N005,NO,YES,YES,FETCHED_HTML,Wikipedia hardens and compresses the source route.,HIGH,The page is not a primary casualty calculation and should not be treated as one.,High-authority hardening surface with exact-number and range language.
E010,https://en.wikipedia.org/wiki/Tamil_genocide,https://en.wikipedia.org/wiki/Tamil_genocide,https://en.wikipedia.org/wiki/Tamil_genocide,en.wikipedia.org,en.wikipedia.org,Tamil genocide - Wikipedia,200,text/html; charset=UTF-8,ec53a18e503691c22dc2138309520b0f6311363214b5ec8cbfddc7ec0df8dda4,fp-E010,wikipedia-mirror-family,yes,"Tamil genocide page states 40,000 and 40,000-70,000 in summary form.","40,000 / 40,000 - 70,000",final phase / Sri Lanka,2009 Jan-May,genocide_language,Wikipedia source stack,SEO-N006,NO,YES,YES,FETCHED_HTML,This page merges legal language and casualty wording into one high-power route.,HIGH,Not a legal adjudication or an audited count.,"Genocide-framing surface merges number, legal language, and memorial memory."
E011,https://dbpedia.org/resource/Mullivaikkal_massacre,https://dbpedia.org/page/Mullivaikkal_massacre,https://dbpedia.org/page/Mullivaikkal_massacre,dbpedia.org,dbpedia.org,About: Mullivaikkal massacre,200,text/html; charset=UTF-8,79de9c8a8b58f9e2755e6e97fd153b2ab4b652316dc860038d8fdd3f0eb4d723,fp-E011,wikipedia-mirror-family,yes,DBpedia surface mirrors a 40000 integer for Mullivaikkal massacre.,40000,Mullivaikkal massacre node,2009 event mapping,mirror_amplification,DBpedia / Wikipedia mirror,SEO-N010,NO,YES,YES,FETCHED_HTML,Mirror data should not be used as independent proof.,HIGH,Cannot treat DBpedia as a new evidence source.,Machine-readable mirror route; useful for propagation graph.
E012,https://wiki2.org/en/Mullivaikkal_massacre,https://wiki2.org/en/Mullivaikkal_massacre,https://wiki2.org/en/Mullivaikkal_massacre,wiki2.org,wiki2.org,Attention Required! | Cloudflare,403,text/html; charset=UTF-8,61e9928186ed6868738dc7295d972244cd4f4afd05ac42e120764b3e32a17c73,fp-E012,wikipedia-mirror-family,yes,Search surfaced a WIKI2 mirror for Mullivaikkal massacre; fetch blocked at runtime.,n/a,mirror route,current fetch,broken_or_blocked_route,WIKI2 mirror / blocked fetch,SEO-N036,NO,NO,NO,FETCHED_HTML_BLOCKED,"Cloudflare blocked the fetch, so the live crawl should mark the link weak rather than pretend to inspect it.",HIGH,Cannot infer page content beyond the search surface and blocked fetch.,"Blocked fetch itself is a weak-link signal, not a source failure."

E013,https://www.hrw.org/news/2024/05/14/15-years-sri-lankas-conflict-ended-no-justice-war-crimes,https://www.hrw.org/news/2024/05/14/15-years-sri-lankas-conflict-ended-no-justice-war-crimes,https://www.hrw.org/news/2024/05/14/15-years-sri-lankas-conflict-ended-no-justice-war-crimes,www.hrw.org,hrw.org,"15 Years Since Sri Lanka’s Conflict Ended, No Justice for War Crimes | Human Rights Watch",200,text/html; charset=UTF-8,ab486e735046f99a1963a3ee5fe018855e19a94d15b03f92b6d70346e3a583db,fp-E013,none,no,up to 40000 civilians were killed in the final months,40000,Sri Lanka final months,2024 commentary on 2009,derivative_hrw_commentary,UN panel of experts,MUL-S009,NO,MILD,NO,FETCHED_HTML,Derivative restatement of UN estimate; not a fresh count.,HIGH,Cannot infer a new casualty calculation or Mullivaikkal-only count.,Cleaner derivative restatement of UN estimate.
E014,https://www.crisisgroup.org/sites/default/files/191-war-crimes-in-sri-lanka.pdf,https://www.crisisgroup.org/sites/default/files/191-war-crimes-in-sri-lanka.pdf,https://www.crisisgroup.org/sites/default/files/191-war-crimes-in-sri-lanka.pdf,www.crisisgroup.org,crisisgroup.org,War crimes in Sri Lanka,403,text/html; charset=UTF-8,4ac17817977eadb85ed4705913fc9cdc33c85726180deb04874c25610d323732,fp-E014,none,no,tens of thousands killed and war-crimes inquiry needed,tens of thousands,Sri Lanka,2009 / 2011 analysis,pattern_accountability,self,MUL-S005,NO,NO,NO,FETCHED_PDF_BLOCKED,Pattern authority more than numeric precision. Fetch returned HTTP 403.,HIGH,Cannot derive an exact final death toll.,Pattern authority more than numeric precision.
E015,https://www.peace-srilanka.org/images/publications/LLRC-Report-in-Sri-lanka.pdf,https://www.peace-srilanka.org/images/publications/LLRC-Report-in-Sri-lanka.pdf,https://www.peace-srilanka.org/images/publications/LLRC-Report-in-Sri-lanka.pdf,www.peace-srilanka.org,peace-srilanka.org,LLRC final report,200,application/pdf,a9a9d253d7eda8d4ee340b8d07a1fe6fc0a9f49bf5bcfaf1728651f766dc99ba,fp-E015,none,no,records disputed figures and says totals were not verified,n/a,Sri Lanka,post-war commission,counter_route,self,MUL-S019,NO,NO,NO,FETCHED_PDF,"Commission report is contextual, not battlefield accounting.",HIGH,Cannot infer UN-linked 40000 or exact final-phase total.,Counter-route of caution and domestic review.
E016,https://www.parliament.lk/uploads/documents/paperspresented/report-of-paranagama.pdf,https://www.parliament.lk/uploads/documents/paperspresented/report-of-paranagama.pdf,https://www.parliament.lk/uploads/documents/paperspresented/report-of-paranagama.pdf,www.parliament.lk,parliament.lk,Paranagama second mandate,200,application/pdf,ab22e3e28c3df72c0796cb12d828bb1fe5e098e07b7e1d525a3498668b21fa2e,fp-E016,none,no,rejects higher estimates and cites lower external routes,lower external estimates,Sri Lanka,2015-2016 commission route,counter_route,self,MUL-S013,NO,NO,NO,FETCHED_PDF,"Adversarial lower-count lane, not an independent battlefield audit.",HIGH,Cannot infer an exact or final audited total.,Adversarial lower-count lane.
E017,https://hansard.parliament.uk/Lords/2017-10-12/debates/14CAA83D-8895-4182-8C4F-D964E0A5B399/SriLanka,https://hansard.parliament.uk/Lords/2017-10-12/debates/14CAA83D-8895-4182-8C4F-D964E0A5B399/SriLanka,https://hansard.parliament.uk/Lords/2017-10-12/debates/14CAA83D-8895-4182-8C4F-D964E0A5B399/SriLanka,hansard.parliament.uk,hansard.parliament.uk,Just a moment...,403,text/html; charset=UTF-8,6253e5f9ba241ba70f38a3bc7d3e7914b740a714e839b65eda3a6a55522c3ebf,fp-E017,none,no,lower-count public argument using leaked dispatch framing,lower count,Sri Lanka,2017 parliamentary debate,political_counter,Paranagama and dispatch route,MUL-S014,NO,NO,NO,FETCHED_HTML_BLOCKED,Political echo of a lower-count critique. Fetch returned HTTP 403.,HIGH,Cannot treat parliamentary debate as a full forensic count.,Political echo of lower-count critique.
E018,https://www.statistics.gov.lk/Resource/en/Population/Vital_Statistics/EVE2011_FinalReport.pdf,https://www.statistics.gov.lk/Resource/en/Population/Vital_Statistics/EVE2011_FinalReport.pdf,https://www.statistics.gov.lk/Resource/en/Population/Vital_Statistics/EVE2011_FinalReport.pdf,www.statistics.gov.lk,statistics.gov.lk,DCS EVE-2011,200,application/pdf,3c764d3f9ada4b92ea2d50a6c96d4f32982e80074c9c879b9a9e4f10ef4e64b1,fp-E018,none,no,8998 deaths / 2635 untraceable in Jan-May 2009 tables,8998 / 2635,Sri Lanka,Jan-May 2009,official_statistics,self,MUL-S007,NO,NO,NO,FETCHED_PDF,Official enumeration route is not a battlefield casualty ceiling.,HIGH,Cannot infer total final-phase civilian deaths from a vital-statistics report.,Official lower enumeration route.
E019,https://casebook.icrc.org/case-study/sri-lanka-conflict-vanni,https://casebook.icrc.org/case-study/sri-lanka-conflict-vanni,https://casebook.icrc.org/case-study/sri-lanka-conflict-vanni,casebook.icrc.org,casebook.icrc.org,"Sri Lanka, Conflict in the Vanni | How does law protect in war? - Online casebook",200,text/html; charset=UTF-8,85cdf7ff44be9fe814559c7de91905d53abad1130d644d28a7d23e1cba4b5922,fp-E019,none,no,250000 civilians trapped / evacuations and relief obstruction,250000,Vanni,2008-2009 conflict context,humanitarian_context,self,MUL-S021,NO,NO,NO,FETCHED_HTML,"Context authority, not a casualty total.",HIGH,Cannot infer a death count from entrapment and relief context.,"Context authority, not a casualty total."
E020,https://www.hrw.org/report/2008/12/23/besieged-displaced-and-detained/plight-civilians-sri-lankas-vanni-region,https://www.hrw.org/report/2008/12/23/besieged-displaced-and-detained/plight-civilians-sri-lankas-vanni-region,https://www.hrw.org/report/2008/12/23/besieged-displaced-and-detained/plight-civilians-sri-lankas-vanni-region,www.hrw.org,hrw.org,"Besieged, Displaced, and Detained : The Plight of Civilians in Sri Lanka’s Vanni Region | HRW",200,text/html; charset=UTF-8,7bdf34896a2ade7de7bfd34a0078f515bd217d35f52dd0d50b4afecd44f04b3b,fp-E020,none,no,Identifies trapped Vanni civilians as ethnic Tamil civilians,ethnic Tamil civilians,Vanni,2008,civilian_ethnicity_context,self,MUL-S027,NO,NO,NO,FETCHED_HTML,Identifies population context; not a death-toll source.,HIGH,Cannot infer final casualty totals from displaced-population context.,Identifies trapped Vanni civilians as ethnic Tamil civilians.
E021,https://www.hrw.org/report/2009/02/19/war-displaced/sri-lankan-army-and-ltte-abuses-against-civilians-vanni,https://www.hrw.org/report/2009/02/19/war-displaced/sri-lankan-army-and-ltte-abuses-against-civilians-vanni,https://www.hrw.org/report/2009/02/19/war-displaced/sri-lankan-army-and-ltte-abuses-against-civilians-vanni,www.hrw.org,hrw.org,War on the Displaced: Sri Lankan Army and LTTE Abuses against Civilians in the Vanni | HRW,200,text/html; charset=UTF-8,defff765ff4b05ee01bd27dc33ad1e986feeef651ba640f8f22089f2a3ccfbd0,fp-E021,none,no,"Context for Tamil civilian entrapment, LTTE restrictions, alleged shelling, and laws-of-war risks",n/a,Vanni,2009,intent_and_conduct_context,self,MUL-S028,NO,NO,NO,FETCHED_HTML,"Conduct context, not a final death-toll calculator.",HIGH,Cannot use it as an audited final casualty total.,Context for conduct and civilian risk.
E022,https://www.amnesty.org/en/latest/press-release/2009/03/sri-lanka-thousands-civilians-under-attack-fighting-intensifies-2009032-0/,https://www.amnesty.org/en/latest/press-release/2009/03/sri-lanka-thousands-civilians-under-attack-fighting-intensifies-2009032-0/,https://www.amnesty.org/en/latest/press-release/2009/03/sri-lanka-thousands-civilians-under-attack-fighting-intensifies-2009032-0/,www.amnesty.org,amnesty.org,Sri Lanka: Thousands of civilians under attack as fighting intensifies - Amnesty International,200,text/html; charset=UTF-8,ca13a976e4f3f03949bb0a4cb760c8a50fcca4ff9062aa7be188bd9409aed575,fp-E022,none,no,"Contemporary warning on trapped civilians, LTTE hostage/buffer allegations, and war-crime framing for deliberate attacks on civilians",thousands,Sri Lanka Vanni,March 2009,conduct_context,self,MUL-S029,NO,NO,NO,FETCHED_HTML_CHALLENGE,Warning and allegations only; not a final toll. Fetch body looks like a challenge or gate page.,HIGH,Cannot infer the final toll or exact location of deaths.,Contemporary warning on trapped civilians.
E023,https://itjpsl.com/assets/ITJP_death_toll_A4_v6.pdf,https://itjpsl.com/assets/ITJP_death_toll_A4_v6.pdf,https://itjpsl.com/assets/ITJP_death_toll_A4_v6.pdf,itjpsl.com,itjpsl.com,ITJP death toll brief,200,application/pdf,488b101982a6ad5c6407af09dccfc89df7d4a6aec8a07fa972847f328cafb35d,fp-E023,none,no,169796 killed or unaccounted route,169796,Sri Lanka / Tamil civilian deaths,2009 and aftermath,advocacy_model,ITJP model,MUL-S017,NO,YES,YES,FETCHED_PDF,High-number model route with strong propagation potential.,HIGH,Cannot treat the modeled number as an audited final count.,High-number model route with strong propagation potential.
E024,https://projects.propublica.org/nonprofits/organizations/263697312,https://projects.propublica.org/nonprofits/organizations/263697312,https://projects.propublica.org/nonprofits/organizations/263697312,projects.propublica.org,projects.propublica.org,People For Equality And Relief In Lanka Inc Pearl - Nonprofit Explorer - ProPublica,200,text/html; charset=utf-8,18f8d3af61d3a439da008930f45b99ab7924987754a61eadbba67b32cff19807,fp-E024,none,no,2023 revenue 107122 expenses 179739,107122 / 179739,United States,2023 filing,financial_filing,tax filing,FUND-N001,NO,NO,NO,FETCHED_HTML,Shows organizational and financial capacity; not message causation.,HIGH,Cannot infer propaganda spend or message causation from this filing alone.,Shows organizational/financial capacity; not message causation.
E025,https://www.ola.org/en/legislative-business/bills/parliament-42/session-1/bill-104,https://www.ola.org/en/legislative-business/bills/parliament-42/session-1/bill-104,https://www.ola.org/en/legislative-business/bills/parliament-42/session-1/bill-104,www.ola.org,ola.org,Ontario Bill 104,0,,,fp-E025,none,no,UN estimates 40000-75000 in May 2009 and other estimates 146679,40000-75000 / 146679,Ontario / Sri Lanka,bill text,political_recognition,legislative preamble,SEO-N027,NO,NO,NO,FETCH_FAILED,Fetch failed: fetch failed,HIGH,Cannot infer content from a failed fetch.,Legislative hardening route with public-education reach.
E026,https://www.parliament.scot/chamber-and-committees/votes-and-motions/S6M-19300,https://www.parliament.scot/chamber-and-committees/votes-and-motions/S6M-19300,https://www.parliament.scot/chamber-and-committees/votes-and-motions/S6M-19300,www.parliament.scot,parliament.scot,S6M-19300 | Scottish Parliament Website,200,text/html; charset=utf-8,9b29c897aefb8efe4c07e97b4ec8d8db5db0e6208822804cf1b424150356c6da,fp-E026,none,no,"estimated 70000 to 146000 Tamil civilians, as documented by the UN and international human rights organisations",70000 / 146000,Scotland / Sri Lanka,motion text,political_recognition,motion text,SEO-N066,NO,NO,NO,FETCHED_HTML_CHALLENGE,Political recognition does not settle the casualty accounting question. Fetch body looks like a challenge or gate page.,HIGH,Cannot convert motion wording into an audited count.,Very strong political hardening and authority inflation node.
E027,https://www.ohchr.org/sites/default/files/documents/hrbodies/hrcouncil/sri-lanka/report-accountability-enforced-disappearances-sri-lanka-may2024-en.pdf,https://www.ohchr.org/sites/default/files/documents/hrbodies/hrcouncil/sri-lanka/report-accountability-enforced-disappearances-sri-lanka-may2024-en.pdf,https://www.ohchr.org/sites/default/files/documents/hrbodies/hrcouncil/sri-lanka/report-accountability-enforced-disappearances-sri-lanka-may2024-en.pdf,www.ohchr.org,ohchr.org,OHCHR 2024 enforced disappearances report,200,application/pdf,ce532ed5e1313c7a4f74d1627991852433deec48e6e67290bad3ec2d48c3b494,fp-E027,none,no,Strong for enforced-disappearances/accountability context; not a Mullivaikkal casualty-number source,n/a,Sri Lanka,2024 accountability report,disappearance_accountability,OHCHR report,MUL-S030,NO,NO,NO,FETCHED_PDF,"The linked report is about disappearances/accountability, not casualty totals.",HIGH,Cannot infer death toll or Mullivaikkal-only figures from this report.,"Strong for accountability, not casualty number."

E028,https://pearlaction.org/genocide-legal-briefing/,https://pearlaction.org/genocide-legal-briefing/,https://pearlaction.org/genocide-legal-briefing/,pearlaction.org,pearlaction.org,Justice for Genocide &#8211; People for Equality and Relief in Lanka,200,text/html; charset=UTF-8,1dbfdd28b6b6e69a5a1fb9e35bc07b98ce9154eafa6e34ac7f5bd00ac95c4552,fp-E028,none,no,reasonable grounds to believe genocide,n/a,Sri Lanka,legal advocacy,legal_advocacy,PEARL legal analysis plus UN/OISL/ITJP,SEO-N020,NO,NO,NO,FETCHED_HTML_CHALLENGE,Legal advocacy argument; not a tribunal finding. Fetch body looks like a challenge or gate page.,HIGH,Cannot infer a judicial finding of genocide.,Legal advocacy argument; not a tribunal finding.
E029,https://genocideagainsttamils.com/massacres/mullivaikkal-2009/,https://genocideagainsttamils.com/massacres/mullivaikkal-2009/,https://genocideagainsttamils.com/massacres/mullivaikkal-2009/,genocideagainsttamils.com,genocideagainsttamils.com,Mullivaikkal Massacre | Genocide Against Tamils,200,text/html,fa9f547e818580f5a61d39be6a00e7b173d06eac6b8ee23b2e8641afae1d08a2,fp-E029,none,no,UN Panel up to 40000 alongside 70000 style framing,40000,Mullivaikkal,2009 remembrance,seo_memorial,source lists and advocacy stack,SEO-N022,NO,YES,YES,FETCHED_HTML,Memorial SEO taxonomy node.,HIGH,Cannot treat the memorial page as a primary casualty calculation.,Memorial SEO taxonomy node.
E030,https://tamilconferences.org/consensus/declaration-of-common-principles-of-tamils/,https://tamilconferences.org/consensus/declaration-of-common-principles-of-tamils/,https://tamilconferences.org/consensus/declaration-of-common-principles-of-tamils/,tamilconferences.org,tamilconferences.org,DECLARATION OF COMMON PRINCIPLES OF TAMILS &#8211; Tamil Conferences,200,text/html; charset=UTF-8,6ab05556e9765bdb6b914a6f4bb95e81b77141de5001cc22a07d04d25cbdf8f6,fp-E030,none,no,UN 40000 plus 70000 and 146679,40000 / 70000 / 146679,Tamil political movement,declaration route,movement_consensus,UN Panel plus Petrie plus Bishop of Mannar,SEO-N023,NO,NO,NO,FETCHED_HTML_CHALLENGE,"Political consensus document, not neutral audit. Fetch body looks like a challenge or gate page.",HIGH,Cannot infer a neutral audited count.,"Political consensus document, not neutral audit."
E031,https://www.tamilguardian.com/content/pictures-tamil-genocide-remembrance-day-commemorated-mullivaikkal-0,https://www.tamilguardian.com/content/pictures-tamil-genocide-remembrance-day-commemorated-mullivaikkal-0,https://www.tamilguardian.com/content/pictures-tamil-genocide-remembrance-day-commemorated-mullivaikkal-0,www.tamilguardian.com,tamilguardian.com,In Pictures - Tamil Genocide Remembrance Day commemorated in Mullivaikkal | Tamil Guardian,200,text/html; charset=UTF-8,4200f4caa495759a5a7ee62f3504b93f066501bb2367fdbdb7191a0d8a9dc04a,fp-E031,none,no,169796 unaccounted and presumed dead,169796,Mullivaikkal,2026 remembrance coverage,community_media_amplification,ITJP-style route,SEO-N024,NO,YES,YES,FETCHED_HTML,Community-media amplification of higher number.,HIGH,Cannot use this as an audited casualty total.,Community-media amplification of higher number.
E032,https://groundviews.org/2014/04/10/generating-calamity-2008-2014-an-overview-of-tamil-nationalist-operations-and-their-marvels/,https://groundviews.org/2014/04/10/generating-calamity-2008-2014-an-overview-of-tamil-nationalist-operations-and-their-marvels/,https://groundviews.org/2014/04/10/generating-calamity-2008-2014-an-overview-of-tamil-nationalist-operations-and-their-marvels/,groundviews.org,groundviews.org,"Generating Calamity, 2008-2014: An Overview of Tamil Nationalist Operations and Their Marvels - Groundviews",200,text/html; charset=UTF-8,c21bb3723c9f76f2da5600ef7552b8fd55c7b42938e6121193dfd5daca1c5aaf,fp-E032,none,no,40k turned into definitive figure,40000,Sri Lanka,2014 essay,counter_narrative,UN Panel critique,SEO-N025,NO,NO,NO,FETCHED_HTML,Useful but polemical adversarial node.,HIGH,Cannot infer casualty totals from polemical counter-writing.,Useful but polemical adversarial node.
E033,https://groundviews.org/2026/05/18/seventeen-years-after-mullivaikkal-reconsidering-justice-and-political-strategy/,https://groundviews.org/2026/05/18/seventeen-years-after-mullivaikkal-reconsidering-justice-and-political-strategy/,https://groundviews.org/2026/05/18/seventeen-years-after-mullivaikkal-reconsidering-justice-and-political-strategy/,groundviews.org,groundviews.org,Seventeen Years After Mullivaikkal: Reconsidering Justice and Political Strategy - Groundviews,200,text/html; charset=UTF-8,23ff8b25b55cb6d8a2bec2d1f1fb5b995026e09ad91b391b5534be3c111a8846,fp-E033,none,no,remembrance remains necessary but diaspora guarantees and externalism are criticized,n/a,Sri Lanka,2026 reflection,independent_commentary,mixed sources,SEO-N026,NO,NO,NO,FETCHED_HTML,Useful for current debate framing and caution against overreliance on outside narratives.,HIGH,Cannot infer a casualty count from commentary.,Useful for current debate framing and caution against overreliance on outside narratives.
E034,https://www.globaltamilforum.org/about-us.aspx,https://www.globaltamilforum.org/about-us.aspx,https://www.globaltamilforum.org/about-us.aspx,www.globaltamilforum.org,globaltamilforum.org,Global Tamil Forum,200,text/html; charset=utf-8,db8b91b6dd7b864a9f928987ebc811edcaacb09a5ab63f72717d1c3a2471a43b,fp-E034,none,no,non-violent international advocacy organization,n/a,diaspora,about page,organizational_presence,self,SEO-N031,NO,NO,NO,FETCHED_HTML,Organizational presence in the advocacy ecosystem.,HIGH,Cannot infer propaganda spend or message causation.,Organizational presence in the advocacy ecosystem.
E035,https://find-and-update.company-information.service.gov.uk/company/11829919,https://find-and-update.company-information.service.gov.uk/company/11829919,https://find-and-update.company-information.service.gov.uk/company/11829919,find-and-update.company-information.service.gov.uk,find-and-update.company-information.service.gov.uk,BTF TAMILS FORUM UK LIMITED overview - Find and update company information - GOV.UK,200,text/html;charset=UTF-8,45f6ad9f80f22c7e51f1a64ac2aade9942e5193e91877260cacedcec455f3b85,fp-E035,none,no,active UK membership organisation route,n/a,UK,company record,funding_visibility,self,SEO-N032,NO,NO,NO,FETCHED_HTML,"Corporate existence, not causal proof.",HIGH,Cannot infer propaganda causation or message spend.,"Corporate existence, not causal proof."
E036,https://www.canadacompanyregistry.com/companies/transnational-government-of-tamil-eelam-inc/,https://www.canadacompanyregistry.com/companies/transnational-government-of-tamil-eelam-inc/,https://www.canadacompanyregistry.com/companies/transnational-government-of-tamil-eelam-inc/,www.canadacompanyregistry.com,canadacompanyregistry.com,Just a moment...,403,text/html; charset=UTF-8,16c5319b88d70fb61705f67a41bd5a163af55493fb775de9d82df40c2d65cb14,fp-E036,none,no,active non-soliciting Canada corporation,n/a,Canada,registry record,funding_visibility,self,SEO-N033,NO,NO,NO,FETCHED_HTML_BLOCKED,Political diaspora organization route. Fetch returned HTTP 403.,HIGH,Cannot infer message causation or funding spend.,Political diaspora organization route.
E037,https://srilankabrief.org/sri-lankas-dead-and-missing-the-need-for-an-accounting/,https://srilankabrief.org/sri-lankas-dead-and-missing-the-need-for-an-accounting/,https://srilankabrief.org/sri-lankas-dead-and-missing-the-need-for-an-accounting/,srilankabrief.org,srilankabrief.org,Sri Lanka’s dead and missing: the need for an accounting &#8226; Sri Lanka Brief,200,text/html; charset=UTF-8,db2bbc7d8a5fa3c5aae4a388b99aa7535a0b5d6492003b9872e50260e06fce94,fp-E037,none,no,70000 people unaccounted for,70000,Sri Lanka,dead-and-missing accounting,accounting_bridge,ICG and dead-and-missing accounting lane,SEO-N037,NO,NO,NO,FETCHED_HTML_CHALLENGE,Accounting-oriented but often read as a death-count lane. Fetch body looks like a challenge or gate page.,HIGH,Cannot infer exact death toll from accounting framing.,Accounting-oriented but often read as a death-count lane.
E038,https://thediplomat.com/2020/05/sri-lankas-war-victims-still-await-justice/,https://thediplomat.com/2020/05/sri-lankas-war-victims-still-await-justice/,https://thediplomat.com/2020/05/sri-lankas-war-victims-still-await-justice/,thediplomat.com,thediplomat.com,Page not found &#8211; The Diplomat,404,text/html; charset=UTF-8,f0d35ef99281b716c5d71168011972b6bbac834acd9b47b123f8b72ff7e7834f,fp-E038,none,no,up to 40000 civilians may have been killed in the last stages of the war,40000,Sri Lanka,2020 remembrance article,international_commentary,UN panel,SEO-N038,NO,NO,NO,FETCHED_HTML_BLOCKED,High-authority international commentary surface. Fetch returned HTTP 404.,HIGH,Cannot infer an audited final count from commentary.,High-authority international commentary surface.
E039,https://www.cipdh.gob.ar/memorias-situadas/en/lugar-de-memoria/mullivaikkal-remembrance-day/,https://www.cipdh.gob.ar/memorias-situadas/en/lugar-de-memoria/mullivaikkal-remembrance-day/,https://www.cipdh.gob.ar/memorias-situadas/en/lugar-de-memoria/mullivaikkal-remembrance-day/,www.cipdh.gob.ar,cipdh.gob.ar,CIPDH Mullivaikkal remembrance page,0,,,fp-E039,none,no,an estimated 40000 Tamil civilians were massacred in the final stages of the war,40000,Mullivaikkal,remembrance page,institutional_memorial,commemorative institutional framing,SEO-N039,NO,NO,NO,FETCH_FAILED,Fetch failed: fetch failed,HIGH,Cannot infer content from a failed fetch.,Institutional memorial authority turns estimate into declarative prose.
E040,https://pearlaction.org/tamil-genocide-remembrance-day-2021/,https://pearlaction.org/tamil-genocide-remembrance-day-2021/,https://pearlaction.org/tamil-genocide-remembrance-day-2021/,pearlaction.org,pearlaction.org,Page not found &#8211; People for Equality and Relief in Lanka,404,text/html; charset=UTF-8,f451ff540b9cbc51b1de6361451d7b8619945b0f3b7b6c4483620d2664f6ec93,fp-E040,none,no,UN estimated 40000 civilians killed and others estimate 146679 unaccounted for,40000 / 146679,Sri Lanka,2021 remembrance statement,diaspora_advocacy,UN panel plus higher missing route,SEO-N040,NO,NO,NO,FETCHED_HTML_BLOCKED,Combines authoritative upper estimate with higher unaccounted route. Fetch returned HTTP 404.,HIGH,Cannot treat the statement as an audited casualty count.,Combines authoritative upper estimate with higher unaccounted route.
E041,https://pearlaction.org/wp-content/uploads/2024/09/Justice-for-Genocide-Sri-Lankas-Responsibility-for-Genocide-Against-the-Tamil-People-in-2009.pdf,https://pearlaction.org/wp-content/uploads/2024/09/Justice-for-Genocide-Sri-Lankas-Responsibility-for-Genocide-Against-the-Tamil-People-in-2009.pdf,https://pearlaction.org/wp-content/uploads/2024/09/Justice-for-Genocide-Sri-Lankas-Responsibility-for-Genocide-Against-the-Tamil-People-in-2009.pdf,pearlaction.org,pearlaction.org,PEARL 2024 justice-for-genocide summary,200,application/pdf,25e2af24ef64aa4a98ee38dcd7a1ccb828e98c9f96459667000db3d8b9ebf46b,fp-E041,none,no,as many as 40000 Tamils killed and up to 169796 unaccounted for,40000 / 169796,Sri Lanka,2024 PDF summary,diaspora_advocacy,UN/OISL/ITJP legal-advocacy stack,SEO-N041,NO,YES,YES,FETCHED_PDF,Major legal-advocacy synthesis node.,HIGH,Cannot treat advocacy synthesis as a tribunal finding.,Major legal-advocacy synthesis node.
E042,https://www.basementfilms.co.uk/work/sri-lankas-killing-fields,https://www.basementfilms.co.uk/work/sri-lankas-killing-fields,https://www.basementfilms.co.uk/work/sri-lankas-killing-fields,www.basementfilms.co.uk,basementfilms.co.uk,Sri Lanka&#39;s Killing Fields &mdash; Basement Films,200,text/html;charset=utf-8,07d7704306ab588f0f5e18a8641cbbe9eb181002ad800a9656179761b0f40248,fp-E042,none,no,allegations that up to 40000 civilians died in the final weeks,40000,Sri Lanka,documentary page,documentary_media,Channel 4 documentary framing,SEO-N047,NO,NO,NO,FETCHED_HTML,Documentary authority node that later feeds compression.,HIGH,Cannot infer an audited death toll from documentary promo text.,Documentary authority node that later feeds compression.
E043,https://sangam.org/amnesty-fifteen-years-after-the-end-of-war-victims-still-await-justice-at-mullivaikkal/,https://sangam.org/amnesty-fifteen-years-after-the-end-of-war-victims-still-await-justice-at-mullivaikkal/,https://sangam.org/amnesty-fifteen-years-after-the-end-of-war-victims-still-await-justice-at-mullivaikkal/,sangam.org,sangam.org,"Amnesty: Fifteen Years After the End of War, Victims Still Await Justice at Mullivaikkal &#8211; Ilankai Tamil Sangam",200,text/html; charset=UTF-8,cedf0af56db2989b41f4a873a817489423e059613935c355ebec4e91f68117d6,fp-E043,none,no,killing at least 40000 civilians according to UN estimates,40000,Mullivaikkal,repost/archival route,diaspora_archive,Amnesty repost,SEO-N048,NO,MILD,NO,FETCHED_HTML,Repost/archival amplification of Amnesty wording.,HIGH,Cannot infer a fresh original source route from reposted wording.,Repost/archival amplification of Amnesty wording.
